"""property_age""",parking_desc,negotiable,property_size,expected_deposit,property_status,bathroom,property_title,locality,swimming_pool,nearBy_address,total_floor,facing_desc,furnishing,amenities,expected_rent,type_desc,city,owner_name,property_type,aea__/g_a_t_e_d__s_e_c_u_r_i_t_y/value,aea__/h_o_u_s_e__k_e_y__w_i_t_h/display_value,floor,thumbnail_image,complete_address,propertyType,description,balcony,water_supply,pet_allowed,non_veg,available_from,created_at,latitude,longitude
1,Car,TRUE,2016,108665,READY,3,"3 BHK Flat In M3m Skywalk , Sector 73 For Sale  In Sector 74",Koramangala,TRUE,near to TATA primanti and vatika chowk,22,East,NOT_FURNISHED,"{""LIFT"":true,""GYM"":true,""INTERNET"":false,""AC"":false,""CLUB"":true,""INTERCOM"":true,""POOL"":true,""CPA"":true,""FS"":true,""SERVANT"":false,""SECURITY"":true,""SC"":true,""GP"":true,""PARK"":true,""RWH"":false,""STP"":true,""HK"":false,""PB"":false,""VP"":true}",54332.88,3 BHK,Bangalore,Anoop Nair,BUY,NO_SECURITY,I will show,19,https://assets.nobroker.in/images/8a9fb28394918bba019491d3732d1941/8a9fb28394918bba019491d3732d1941_project_479740_medium.jpg,"near to TATA primanti and vatika chowk, Sector 74, gurgaon",AP,Close to metro station and shopping complexes.,0,bore,yes,no,2025-08-19,2025-07-23,12.9352,77.6245
5,Car,FALSE,1328,70037,READY,2,3 BHK Flat In Tulip W For Sale  In Badshapur Chowk,Indiranagar,FALSE,Tulip chowk,12,Don't Know,SEMI_FURNISHED,"{""LIFT"":false,""GYM"":false,""INTERNET"":false,""AC"":false,""CLUB"":false,""INTERCOM"":false,""POOL"":false,""CPA"":false,""FS"":false,""SERVANT"":false,""SECURITY"":true,""SC"":false,""GP"":false,""PARK"":false,""RWH"":false,""STP"":false,""HK"":false,""PB"":false,""VP"":false}",35018.76,3 BHK,Bangalore,Nikita,SALE,NO_SECURITY,I will show,10,https://assets.nobroker.in/images/8a9fa985971c9ff201971cfe4dbe172e/8a9fa985971c9ff201971cfe4dbe172e_59334_727819_medium.jpg,"Tulip chowk, Badshapur Chowk, gurgaon",AP,Spacious and well-ventilated flat with natural lighting.,1,munciple,yes,yes,2025-09-11,2025-08-02,12.9719,77.6412
1,Bike and Car,FALSE,800,50061,READY,2,2 BHK Flat In Aashra Apartment For Sale  In Sector 69,Whitefield,FALSE,"Neelkanth Enclave , Near Ekta hospital",4,East,SEMI_FURNISHED,"{""LIFT"":true,""GYM"":true,""INTERNET"":true,""AC"":false,""CLUB"":false,""INTERCOM"":false,""POOL"":false,""CPA"":true,""FS"":true,""SERVANT"":false,""SECURITY"":true,""SC"":false,""GP"":true,""PARK"":false,""RWH"":true,""STP"":false,""HK"":true,""PB"":true,""VP"":true}",25030.79,2 BHK,Bangalore,Naveen Kumar,BUY,NO_SECURITY,Security,1,https://assets.nobroker.in/images/8a9faa869753f6f001975466b2ab2e8f/8a9faa869753f6f001975466b2ab2e8f_95273_823200_medium.jpg,"Neelkanth Enclave , Near Ekta hospital, Sector 69, gurgaon",AP,Close to metro station and shopping complexes.,2,both,yes,no,2025-08-11,2025-09-10,12.9698,77.75
1,Car,TRUE,904,44774,READY,2,2 BHK House For Sale  In Sohna Road Badshapur,HSR Layout,FALSE,near ryan International School,0,North,SEMI_FURNISHED,"{""INTERCOM"":false,""AC"":false,""RWH"":false,""HK"":false,""INTERNET"":false,""LIFT"":false,""CLUB"":false,""GP"":false,""FS"":false,""STP"":false,""PARK"":false,""SC"":false,""PB"":false,""CPA"":false,""SECURITY"":false,""POOL"":false,""GYM"":false,""VP"":false,""SERVANT"":true}",22387.42,2 BHK,Bangalore,Neha Saini,BUY,SECURITY_ONLY,I will show,0,https://assets.nobroker.in/images/8a9f8a86976e235101976e2c374b0292/8a9f8a86976e235101976e2c374b0292_82938_969927_medium.jpg,"Independent House, near ryan International School, Sohna Road Badshapur, gurgaon",IH,Close to metro station and shopping complexes.,0,bore,yes,no,2025-08-12,2025-09-08,12.9116,77.646
7,Bike and Car,FALSE,1860,109505,READY,4,3 BHK Flat In Park View City 2 For Sale  In Sector 49,Jayanagar,TRUE,"Badshahpur Sohna Rd Hwy, Vatika City, Block W, Sector 49, Gurugram, Haryana 122018",14,East,SEMI_FURNISHED,"{""LIFT"":true,""GYM"":true,""INTERNET"":true,""AC"":false,""CLUB"":true,""INTERCOM"":true,""POOL"":true,""CPA"":true,""FS"":true,""SERVANT"":false,""SECURITY"":true,""SC"":true,""GP"":false,""PARK"":true,""RWH"":false,""STP"":false,""HK"":false,""PB"":false,""VP"":false}",54752.9,3 BHK,Bangalore,Ali Naqvi,SALE,NO_SECURITY,Others,12,https://assets.nobroker.in/images/8a9fb98394a692fc0194a6af7cca0958/8a9fb98394a692fc0194a6af7cca0958_14727_894463_medium.jpg,"Badshahpur Sohna Rd Hwy, Vatika City, Block W, Sector 49, Gurugram, Haryana 122018, Sector 49, gurgaon",AP,Spacious and well-ventilated flat with natural lighting.,1,both,yes,no,2025-08-20,2025-07-25,12.9299,77.5831
0,Bike and Car,FALSE,800,49464,READY,2,2 BHK Flat In Aasra Apartment For Sale  In Sector 69,Bandra West,FALSE,Neelkanth Enclave near Aasra Apartments,4,East,SEMI_FURNISHED,"{""LIFT"":true,""GYM"":false,""INTERNET"":true,""AC"":false,""CLUB"":false,""INTERCOM"":false,""POOL"":false,""CPA"":false,""FS"":true,""SERVANT"":false,""SECURITY"":true,""SC"":false,""GP"":false,""PARK"":false,""RWH"":false,""STP"":false,""HK"":false,""PB"":false,""VP"":true}",24732.07,2 BHK,Mumbai,Naveen Yadav,BUY,NO_SECURITY,,1,https://assets.nobroker.in/images/8a9ff3838a278775018a27c809af333e/8a9ff3838a278775018a27c809af333e_17632_749285_medium.jpg,"Neelkanth Enclave near Aasra Apartments, Sector 69, gurgaon",AP,Close to metro station and shopping complexes.,2,bore,yes,no,2025-07-22,2025-07-28,19.0596,72.8295
10,Car,TRUE,1767,108317,READY,3,3 BHK Flat In Bestech Park View City 2 For Sale  In Sector 49,Andheri East,FALSE,Near Uppal southend,13,South-East,SEMI_FURNISHED,"{""INTERCOM"":false,""AC"":false,""RWH"":true,""HK"":true,""INTERNET"":true,""LIFT"":true,""CLUB"":true,""GP"":true,""FS"":true,""STP"":true,""PARK"":true,""SC"":true,""PB"":true,""CPA"":true,""SECURITY"":true,""POOL"":true,""GYM"":true,""VP"":true,""SERVANT"":true}",54158.95,3 BHK,Mumbai,Shivang,SALE,SECURITY_ONLY,I will show,0,https://assets.nobroker.in/images/8a9fb28494ef20810194ef2b8ccb02d7/8a9fb28494ef20810194ef2b8ccb02d7_11639_979694_medium.jpg,"Near Uppal southend, Sector 49, gurgaon",AP,Modern interiors and recently renovated kitchen.,1,both,no,yes,2025-09-15,2025-09-14,19.1136,72.8697
5,Car,TRUE,1766,107631,READY,3,3 BHK Flat In Bestech Park View City 2 For Sale  In Sector 49,Powai,TRUE,Bestech Park View City 2,14,North-East,SEMI_FURNISHED,"{""LIFT"":true,""GYM"":true,""INTERNET"":true,""AC"":false,""CLUB"":true,""INTERCOM"":true,""POOL"":true,""CPA"":true,""FS"":true,""SERVANT"":false,""SECURITY"":true,""SC"":true,""GP"":true,""PARK"":true,""RWH"":false,""STP"":false,""HK"":false,""PB"":false,""VP"":true}",53815.65,3 BHK,Mumbai,Sunil Pahwa,BUY,SECURITY_ONLY,,4,https://assets.nobroker.in/images/8a9f9b8277a0021d0177a0857da83a8d/8a9f9b8277a0021d0177a0857da83a8d_83614_724517_medium.jpg,"Bestech Park View City 2, Sector 49, gurgaon",AP,Close to metro station and shopping complexes.,0,munciple,no,yes,2025-08-22,2025-09-16,19.1197,72.9089
5,Bike and Car,FALSE,1760,103117,READY,3,"3 BHK Flat In Bestech Park View City 2, Sector 49 For Sale  In Sector 49",Malad West,TRUE,"Park View City 2, Sohna Rd, Vatika City, Block W, Sector 49",13,Don't Know,SEMI_FURNISHED,"{""LIFT"":true,""GYM"":true,""INTERNET"":true,""AC"":false,""CLUB"":true,""INTERCOM"":true,""POOL"":true,""CPA"":true,""FS"":true,""SERVANT"":false,""SECURITY"":true,""SC"":false,""GP"":false,""PARK"":true,""RWH"":false,""STP"":true,""HK"":false,""PB"":false,""VP"":false}",51558.94,3 BHK,Mumbai,ISHANK SETIA,BUY,NO_SECURITY,I will show,0,https://assets.nobroker.in/images/8a9fb3097e71256f017e71c44c9a4c12/8a9fb3097e71256f017e71c44c9a4c12_60_611513_medium.jpg,"Park View City 2, Sohna Rd, Vatika City, Block W, Sector 49, Sector 49, gurgaon",AP,Quiet neighborhood with excellent connectivity.,3,bore,no,no,2025-08-31,2025-08-18,19.176,72.8385
-1,Bike and Car,TRUE,3270,273857,READY,5,4 BHK Flat In Smartworld Sky Arc For Sale  In Sector 69,Thane,TRUE,"Sector 69 Gurugram, Haryana 122101 India",45,West,NOT_FURNISHED,"{""LIFT"":true,""GYM"":true,""INTERNET"":true,""AC"":false,""CLUB"":true,""INTERCOM"":true,""POOL"":true,""CPA"":true,""FS"":true,""SERVANT"":false,""SECURITY"":true,""SC"":true,""GP"":true,""PARK"":true,""RWH"":false,""STP"":true,""HK"":false,""PB"":false,""VP"":true}",136928.8,4 BHK,Mumbai,amit nichani,SALE,NO_SECURITY,Others,18,https://assets.nobroker.in/images/8a9fb98495d671be0195d68891f70be5/8a9fb98495d671be0195d68891f70be5_2960_392701_medium.jpg,"Sector 69 Gurugram, Haryana 122101 India, Sector 69, gurgaon",AP,Quiet neighborhood with excellent connectivity.,0,munciple,no,no,2025-09-01,2025-08-09,19.2183,72.9781
-1,Car,TRUE,2690,210270,READY,3,3 BHK Flat In Smartworld Sky Arc For Sale  In Sector 69,Koregaon Park,TRUE,"Sector 69 Gurugram, Haryana 122101 India",45,South,SEMI_FURNISHED,"{""LIFT"":true,""GYM"":false,""INTERNET"":true,""AC"":false,""CLUB"":true,""INTERCOM"":true,""POOL"":true,""CPA"":true,""FS"":true,""SERVANT"":false,""SECURITY"":true,""SC"":true,""GP"":false,""PARK"":true,""RWH"":false,""STP"":true,""HK"":false,""PB"":false,""VP"":true}",105135.3,3 BHK,Pune,AJIT GOEL,SALE,NO_SECURITY,Security,22,https://assets.nobroker.in/images/8a9fb987961fd3720196202806af1f34/8a9fb987961fd3720196202806af1f34_52224_984282_medium.jpg,"Sector 69 Gurugram, Haryana 122101 India, Sector 69, gurgaon",AP,Spacious and well-ventilated flat with natural lighting.,0,munciple,no,no,2025-08-14,2025-09-12,18.5362,73.8917
-1,Car,TRUE,2690,211324,READY,3,"3 BHK Flat In Smartworld Sky Arc, Sector 69 For Sale  In Sector 69",Hinjewadi,TRUE,vatika chauk,40,Don't Know,SEMI_FURNISHED,"{""LIFT"":true,""GYM"":true,""INTERNET"":true,""AC"":false,""CLUB"":true,""INTERCOM"":true,""POOL"":true,""CPA"":true,""FS"":true,""SERVANT"":false,""SECURITY"":true,""SC"":true,""GP"":true,""PARK"":true,""RWH"":false,""STP"":true,""HK"":false,""PB"":false,""VP"":true}",105662.46,3 BHK,Pune,Mr Arpit khandelwal,BUY,NO_SECURITY,I will show,6,https://assets.nobroker.in/static/img/534_notxt.jpg,"vatika chauk, Sector 69, gurgaon",AP,Close to metro station and shopping complexes.,2,bore,yes,no,2025-09-02,2025-09-13,18.5679,73.738
-1,Car,TRUE,2560,197056,READY,3,3 BHK Flat In Smartworld Sky Arc For Sale  In Sector 69,Viman Nagar,TRUE,Sector 69,45,East,SEMI_FURNISHED,"{""LIFT"":true,""GYM"":false,""INTERNET"":false,""AC"":false,""CLUB"":true,""INTERCOM"":false,""POOL"":true,""CPA"":true,""FS"":true,""SERVANT"":false,""SECURITY"":true,""SC"":true,""GP"":true,""PARK"":true,""RWH"":false,""STP"":true,""HK"":false,""PB"":false,""VP"":true}",98528.13,3 BHK,Pune,Vikas Yadav,BUY,NO_SECURITY,,35,https://assets.nobroker.in/images/8a9f9b8496640f6d0196646d295a04e8/8a9f9b8496640f6d0196646d295a04e8_project_729034_medium.jpg,"Sector 69, Sector 69, gurgaon",AP,Spacious and well-ventilated flat with natural lighting.,1,bore,no,yes,2025-08-24,2025-08-29,18.5679,73.9143
-1,Bike and Car,TRUE,3505,138449,READY,4,4+ BHK Flat In Smartworld Sky Arc For Sale  In Sector 69,Baner,TRUE,"Near B.S. Public School, Southern Peripheral Road, Sector 69, Gurgaon.",41,North,NOT_FURNISHED,"{""LIFT"":true,""GYM"":false,""INTERNET"":false,""AC"":false,""CLUB"":true,""INTERCOM"":false,""POOL"":true,""CPA"":true,""FS"":true,""SERVANT"":false,""SECURITY"":true,""SC"":false,""GP"":false,""PARK"":true,""RWH"":false,""STP"":true,""HK"":false,""PB"":false,""VP"":true}",69224.99,4+ BHK,Pune,Delhi Projects,BUY,NO_SECURITY,I will show,36,https://assets.nobroker.in/images/8a9fa18595be685a0195be9918a50c42/8a9fa18595be685a0195be9918a50c42_70510_629031_medium.jpg,"Near B.S. Public School, Southern Peripheral Road, Sector 69, Gurgaon., Sector 69, gurgaon",AP,Modern interiors and recently renovated kitchen.,0,bore,no,yes,2025-07-20,2025-08-15,18.5598,73.7768
-1,Bike and Car,TRUE,2440,68799,READY,2,2 BHK Flat In Smartworld Sky Arc For Sale  In Sector 69,Kothrud,TRUE,"Near B.S. Public School, Southern Peripheral Road, Sector 69, Gurgaon.",41,North,NOT_FURNISHED,"{""LIFT"":true,""GYM"":false,""INTERNET"":false,""AC"":false,""CLUB"":true,""INTERCOM"":false,""POOL"":true,""CPA"":true,""FS"":true,""SERVANT"":false,""SECURITY"":true,""SC"":false,""GP"":false,""PARK"":true,""RWH"":false,""STP"":true,""HK"":false,""PB"":false,""VP"":true}",34399.79,2 BHK,Pune,Delhi Projects,SALE,NO_SECURITY,I will show,19,https://assets.nobroker.in/images/8a9fa18595be685a0195be97f5fa0be7/8a9fa18595be685a0195be97f5fa0be7_83245_305820_medium.jpg,"Near B.S. Public School, Southern Peripheral Road, Sector 69, Gurgaon., Sector 69, gurgaon",AP,Modern interiors and recently renovated kitchen.,3,bore,yes,no,2025-09-06,2025-08-10,18.5074,73.8077
-1,Bike and Car,TRUE,2945,103540,READY,3,3 BHK Flat In Smartworld Sky Arc For Sale  In Sector 69,Connaught Place,TRUE,"Near B.S. Public School, Southern Peripheral Road, Sector 69, Gurgaon.",41,North,NOT_FURNISHED,"{""LIFT"":true,""GYM"":false,""INTERNET"":false,""AC"":false,""CLUB"":true,""INTERCOM"":false,""POOL"":true,""CPA"":true,""FS"":true,""SERVANT"":false,""SECURITY"":true,""SC"":false,""GP"":false,""PARK"":true,""RWH"":false,""STP"":true,""HK"":false,""PB"":false,""VP"":true}",51770.43,3 BHK,Delhi,Delhi Projects,BUY,NO_SECURITY,I will show,29,https://assets.nobroker.in/images/8a9fb38395be62060195be986b180dd9/8a9fb38395be62060195be986b180dd9_71230_370147_medium.jpg,"Near B.S. Public School, Southern Peripheral Road, Sector 69, Gurgaon., Sector 69, gurgaon",AP,Quiet neighborhood with excellent connectivity.,1,both,no,yes,2025-07-24,2025-08-09,28.6315,77.2167
-1,Bike and Car,FALSE,3270,249101,READY,4,4 BHK Flat In Smartworld Sky Arc For Sale  In Sector 69,Karol Bagh,TRUE,"Sector 69, Gurugram, Haryana 122004",40,North-East,SEMI_FURNISHED,"{""LIFT"":true,""GYM"":false,""INTERNET"":false,""AC"":false,""CLUB"":true,""INTERCOM"":false,""POOL"":true,""CPA"":true,""FS"":true,""SERVANT"":false,""SECURITY"":false,""SC"":false,""GP"":false,""PARK"":true,""RWH"":false,""STP"":true,""HK"":false,""PB"":false,""VP"":false}",124550.97,4 BHK,Delhi,Anuj,BUY,SECURITY_ONLY,I will show,6,https://assets.nobroker.in/images/8a9f9b889790f162019791244d80144f/8a9f9b889790f162019791244d80144f_project_631677_medium.jpg,"Sector 69, Gurugram, Haryana 122004, Sector 69, gurgaon",AP,Spacious and well-ventilated flat with natural lighting.,0,both,no,yes,2025-09-06,2025-08-01,28.6519,77.19
-1,Bike and Car,FALSE,3270,293989,READY,5,4 BHK Flat In Smartworld Sky Arc For Sale  In Sector 69,Lajpat Nagar,TRUE,"Smartworld Sky Arc,Sector 69",41,Don't Know,SEMI_FURNISHED,"{""LIFT"":true,""GYM"":false,""INTERNET"":false,""AC"":false,""CLUB"":true,""INTERCOM"":false,""POOL"":true,""CPA"":true,""FS"":true,""SERVANT"":false,""SECURITY"":false,""SC"":false,""GP"":false,""PARK"":true,""RWH"":false,""STP"":true,""HK"":false,""PB"":false,""VP"":false}",146994.61,4 BHK,Delhi,Arvind Kalia,BUY,NO_SECURITY,I will show,14,https://assets.nobroker.in/images/8a9f938a98023319019802416762055c/8a9f938a98023319019802416762055c_project_260675_medium.jpg,"Smartworld Sky Arc,Sector 69, Sector 69, gurgaon",AP,"Ideal for families, with nearby parks and schools.",0,bore,yes,no,2025-08-24,2025-08-23,28.5677,77.243
-1,Car,TRUE,2550,188510,READY,4,3 BHK Flat In Smartworld Sky Arc Sector 69  For Sale  In Sector 69,Rohini,FALSE,spr road sector 69,30,East,SEMI_FURNISHED,"{""INTERCOM"":true,""AC"":true,""RWH"":true,""HK"":true,""INTERNET"":true,""LIFT"":true,""CLUB"":true,""GP"":true,""FS"":true,""STP"":true,""PARK"":true,""SC"":true,""PB"":true,""CPA"":true,""SECURITY"":true,""POOL"":true,""GYM"":true,""VP"":true,""SERVANT"":false}",94255.08,3 BHK,Delhi,Vishesh Raheja,SALE,SECURITY_ONLY,Others,12,https://assets.nobroker.in/images/8a9f8d8497a79dd70197a7ff09372191/8a9f8d8497a79dd70197a7ff09372191_6806_295764_medium.jpg,"spr road sector 69, Sector 69, gurgaon",AP,Close to metro station and shopping complexes.,1,bore,yes,yes,2025-09-07,2025-08-09,28.7041,77.1025
-1,Car,TRUE,2550,193745,READY,4,3 BHK Flat In Smartworld Sky Arc For Sale  In Sector 69,Dwarka,TRUE,Bang on Vatika Chowk,41,East,SEMI_FURNISHED,"{""LIFT"":true,""GYM"":true,""INTERNET"":true,""AC"":false,""CLUB"":true,""INTERCOM"":true,""POOL"":true,""CPA"":true,""FS"":true,""SERVANT"":false,""SECURITY"":true,""SC"":true,""GP"":true,""PARK"":true,""RWH"":false,""STP"":true,""HK"":false,""PB"":false,""VP"":true}",96872.98,3 BHK,Delhi,Astha,BUY,NO_SECURITY,I will show,16,https://assets.nobroker.in/images/8a9f8d8797eda4560197ede47b811f6d/8a9f8d8797eda4560197ede47b811f6d_41809_281627_medium.jpg,"Bang on Vatika Chowk, Sector 69, gurgaon",AP,Spacious and well-ventilated flat with natural lighting.,1,bore,yes,yes,2025-09-06,2025-08-04,28.5921,77.046
10,Bike and Car,FALSE,2200,131810,READY,3,3 BHK Flat In Emaar Palm Drive For Sale  In Sector 66,Cyber City,TRUE,EMAAR THE PALM SQUARE,20,Don't Know,SEMI_FURNISHED,"{""LIFT"":true,""GYM"":true,""INTERNET"":false,""AC"":false,""CLUB"":true,""INTERCOM"":true,""POOL"":true,""CPA"":false,""FS"":false,""SERVANT"":false,""SECURITY"":false,""SC"":false,""GP"":false,""PARK"":true,""RWH"":false,""STP"":false,""HK"":false,""PB"":false,""VP"":true}",65905.12,3 BHK,Gurgaon,Saksham Mahajan,BUY,SECURITY_ONLY,I will show,1,https://assets.nobroker.in/images/8a9faa83953cc74f01953d0a7dd21761/8a9faa83953cc74f01953d0a7dd21761_57966_172419_medium.jpg,"EMAAR THE PALM SQUARE, Sector 66, gurgaon",AP,Close to metro station and shopping complexes.,2,both,yes,no,2025-07-26,2025-08-15,28.4947,77.086
10,None,FALSE,2799,119977,READY,3,4 BHK Flat In Uppal Southend For Sale  In Sector 69,Golf Course Road,TRUE,"Sector-49, Sohna Road, Gurgaon, Haryana, INDIA.",3,Don't Know,SEMI_FURNISHED,"{""LIFT"":true,""GYM"":true,""INTERNET"":false,""AC"":false,""CLUB"":true,""INTERCOM"":false,""POOL"":true,""CPA"":true,""FS"":false,""SERVANT"":false,""SECURITY"":true,""SC"":false,""GP"":false,""PARK"":false,""RWH"":false,""STP"":false,""HK"":false,""PB"":false,""VP"":true}",59988.96,4 BHK,Gurgaon,Utkarsh Agnihotri,BUY,SECURITY_ONLY,Others,0,https://assets.nobroker.in/images/8a9f898395b25de40195b2867a0210b2/8a9f898395b25de40195b2867a0210b2_8362_529020_medium.jpg,"Sector-49, Sohna Road, Gurgaon, Haryana, INDIA., Sector 69, gurgaon",AP,Spacious and well-ventilated flat with natural lighting.,0,bore,no,no,2025-09-16,2025-08-02,28.47,77.0674
7,Bike and Car,FALSE,1830,100000,READY,3,4 BHK Flat In Vatika City For Sale  In Sector-49,Sector 29,TRUE,"  Vatika City, Block W, Uppal Southend, Sohna Road",3,East,SEMI_FURNISHED,"{""LIFT"":true,""GYM"":true,""INTERNET"":true,""AC"":false,""CLUB"":true,""INTERCOM"":true,""POOL"":true,""CPA"":true,""FS"":false,""SERVANT"":false,""SECURITY"":true,""SC"":false,""GP"":false,""PARK"":true,""RWH"":false,""STP"":false,""HK"":false,""PB"":false,""VP"":true}",,4 BHK,Gurgaon,Nikhil Arora,SALE,NO_SECURITY,,1,https://assets.nobroker.in/images/ff80818169b8d16e0169b9685cbd62b7/ff80818169b8d16e0169b9685cbd62b7_9358_440833_medium.jpg,"  Vatika City, Block W, Uppal Southend, Sohna Road, Sector-49, gurgaon",AP,"Ideal for families, with nearby parks and schools.",2,munciple,yes,no,2025-08-20,2025-08-07,28.4595,77.0266
10,Bike and Car,FALSE,1658,100000,READY,3,3 BHK Flat In Vatika City For Sale  In Sector-49,MG Road,TRUE,"Sector-49, Sohna Road, Gurgaon, Haryana, INDIA.",7,Don't Know,SEMI_FURNISHED,"{""LIFT"":true,""GYM"":true,""INTERNET"":true,""AC"":false,""CLUB"":true,""INTERCOM"":true,""POOL"":true,""CPA"":true,""FS"":true,""SERVANT"":false,""SECURITY"":true,""SC"":true,""GP"":true,""PARK"":true,""RWH"":false,""STP"":true,""HK"":false,""PB"":false,""VP"":true}",,3 BHK,Gurgaon,Vijay Sharma,BUY,NO_SECURITY,,5,https://assets.nobroker.in/images/8a9f8282798dbcba01798e609c644449/8a9f8282798dbcba01798e609c644449_97976_64319_medium.jpg,"Sector-49, Sohna Road, Gurgaon, Haryana, INDIA., Sector-49, gurgaon",AP,Modern interiors and recently renovated kitchen.,2,both,no,yes,2025-09-13,2025-08-16,28.4601,77.0918
10,Bike and Car,FALSE,2437,22253,READY,3,3 BHK Flat In Vatika City For Sale  In Sector 49,Sohna Road,TRUE,Vatika City,8,Don't Know,FULLY_FURNISHED,"{""LIFT"":true,""GYM"":true,""INTERNET"":false,""AC"":false,""CLUB"":true,""INTERCOM"":true,""POOL"":true,""CPA"":false,""FS"":false,""SERVANT"":false,""SECURITY"":true,""SC"":false,""GP"":false,""PARK"":true,""RWH"":false,""STP"":false,""HK"":false,""PB"":false,""VP"":true}",11126.58,3 BHK,Gurgaon,nishank agarwal,BUY,NO_SECURITY,Friends/Relatives,6,https://assets.nobroker.in/images/8a9fa98796fc013d0196fc3f6b631a17/8a9fa98796fc013d0196fc3f6b631a17_71925_947479_medium.jpg,"Vatika City, Sector 49, gurgaon",AP,Modern interiors and recently renovated kitchen.,1,bore,yes,yes,2025-07-21,2025-08-26,28.367,77.0552
5,Car,TRUE,2225,136942,READY,4,"3 BHK Flat In Palm Drive & Palm Terrace Select, Sector 66 For Sale  In Sector 66",Banjara Hills,FALSE,"Sector 66, Gurgaon, Haryana 122101",20,South-West,SEMI_FURNISHED,"{""LIFT"":true,""GYM"":true,""INTERNET"":false,""AC"":false,""CLUB"":false,""INTERCOM"":false,""POOL"":false,""CPA"":false,""FS"":true,""SERVANT"":false,""SECURITY"":true,""SC"":false,""GP"":false,""PARK"":true,""RWH"":false,""STP"":false,""HK"":false,""PB"":false,""VP"":false}",68471.2,3 BHK,Hyderabad,nimish,SALE,NO_SECURITY,I will show,1,https://assets.nobroker.in/images/8a9f8785974f425c01974f71ea141473/8a9f8785974f425c01974f71ea141473_37233_924968_medium.jpg,"Sector 66, Gurgaon, Haryana 122101, Sector 66, gurgaon",AP,Modern interiors and recently renovated kitchen.,0,munciple,yes,yes,2025-07-25,2025-09-15,17.4065,78.4691
5,Car,TRUE,2225,136942,READY,4,"3 BHK Flat In Palm Drive & Palm Terrace Select, Sector 66 For Sale  In Sector 66",Jubilee Hills,FALSE,"Sector 66, Gurgaon, Haryana 122101",20,South-West,SEMI_FURNISHED,"{""LIFT"":true,""GYM"":true,""INTERNET"":false,""AC"":false,""CLUB"":false,""INTERCOM"":false,""POOL"":false,""CPA"":false,""FS"":true,""SERVANT"":false,""SECURITY"":true,""SC"":false,""GP"":false,""PARK"":true,""RWH"":false,""STP"":false,""HK"":false,""PB"":false,""VP"":false}",68471.2,3 BHK,Hyderabad,nimish,BUY,NO_SECURITY,I will show,1,https://assets.nobroker.in/images/8a9f8785974f425c01974f71ea141473/8a9f8785974f425c01974f71ea141473_37233_924968_medium.jpg,"Sector 66, Gurgaon, Haryana 122101, Sector 66, gurgaon",AP,"Ideal for families, with nearby parks and schools.",2,both,no,no,2025-08-23,2025-08-24,17.4239,78.4077
3,Bike and Car,TRUE,2410,153655,READY,5,4 BHK Flat In Emaar Palm Terraces Select For Sale  In Palm Drive,Gachibowli,FALSE,Golf Couse Extension Road,12,South,SEMI_FURNISHED,"{""INTERNET"":false,""CLUB"":true,""SC"":false,""RWH"":false,""FS"":true,""HK"":true,""VP"":true,""PARK"":true,""GYM"":true,""INTERCOM"":true,""AC"":true,""SERVANT"":false,""POOL"":true,""LIFT"":true,""CPA"":false,""STP"":false,""PB"":true,""GP"":false,""SECURITY"":true}",76827.95,4 BHK,Hyderabad,Ayushman Garg,SALE,SECURITY_ONLY,I will show,7,https://assets.nobroker.in/images/8a9fb888973a36cc01973a4d79bd07c3/8a9fb888973a36cc01973a4d79bd07c3_37233_706524_medium.jpg,"Golf Couse Extension Road, Palm Drive , gurgaon",AP,Quiet neighborhood with excellent connectivity.,0,both,yes,no,2025-08-20,2025-08-30,17.4399,78.3908
-1,Bike and Car,FALSE,2018,96575,READY,3,3 BHK Flat In Tashee Capital Gateway Sector 111 For Sale  In Sector 49 Sohna Road,Kondapur,TRUE,"Shop No. 20, Second Floor A-Block, Omaxe Gurgaon Mall, Sector 49 Sohna Road, Gurugram, Haryana 122001, India",18,East,NOT_FURNISHED,"{""LIFT"":true,""GYM"":true,""INTERNET"":true,""AC"":false,""CLUB"":true,""INTERCOM"":true,""POOL"":true,""CPA"":true,""FS"":false,""SERVANT"":false,""SECURITY"":true,""SC"":false,""GP"":false,""PARK"":true,""RWH"":false,""STP"":true,""HK"":false,""PB"":false,""VP"":true}",48287.85,3 BHK,Hyderabad,Ajit Yadav,SALE,SECURITY_ONLY,,5,https://assets.nobroker.in/images/ff8081815f4de4ae015f4e31e46c1a7a/ff8081815f4de4ae015f4e31e46c1a7a_34669_563441_medium.jpg,"Shop No. 20, Second Floor A-Block, Omaxe Gurgaon Mall, Sector 49 Sohna Road, Gurugram, Haryana 122001, India, Sector 49 Sohna Road, gurgaon",AP,Quiet neighborhood with excellent connectivity.,2,munciple,no,yes,2025-09-02,2025-09-15,17.4615,78.3657
10,Car,TRUE,2075,116879,READY,3,"4 BHK Flat In Bestech Park View City 1, Sector 48 For Sale  In Sector 48",Madhapur,TRUE,Near CNG station,14,West,SEMI_FURNISHED,"{""LIFT"":true,""GYM"":true,""INTERNET"":true,""AC"":false,""CLUB"":true,""INTERCOM"":true,""POOL"":true,""CPA"":true,""FS"":true,""SERVANT"":false,""SECURITY"":true,""SC"":true,""GP"":true,""PARK"":true,""RWH"":false,""STP"":true,""HK"":false,""PB"":false,""VP"":true}",58439.86,4 BHK,Hyderabad,amit,BUY,NO_SECURITY,I will show,3,https://assets.nobroker.in/images/8a9f918395a87ee70195a884dd1a0146/8a9f918395a87ee70195a884dd1a0146_project_898711_medium.jpg,"Near CNG station, Sector 48, gurgaon",AP,"Ideal for families, with nearby parks and schools.",3,munciple,yes,yes,2025-07-25,2025-07-28,17.4483,78.3915
10,Car,FALSE,1813,113530,READY,4,"3 BHK Flat In Bestech Park View City 1, Sector 48 For Sale  In Sector 48",Electronic City,TRUE,Opp Vatika Business Park,14,East,SEMI_FURNISHED,"{""LIFT"":true,""GYM"":true,""INTERNET"":true,""AC"":false,""CLUB"":true,""INTERCOM"":true,""POOL"":true,""CPA"":true,""FS"":true,""SERVANT"":false,""SECURITY"":true,""SC"":true,""GP"":true,""PARK"":true,""RWH"":false,""STP"":true,""HK"":false,""PB"":false,""VP"":true}",56765.17,3 BHK,Bangalore,Lokesh,SALE,NO_SECURITY,I will show,12,https://assets.nobroker.in/images/8a9fae839598302a01959894b9012e96/8a9fae839598302a01959894b9012e96_38168_620533_medium.jpg,"Opp Vatika Business Park, Sector 48, gurgaon",AP,Quiet neighborhood with excellent connectivity.,1,munciple,no,no,2025-09-06,2025-09-03,12.8456,77.6603
10,Bike and Car,TRUE,2075,106887,READY,3,4 BHK Flat In Bestech Park View City 1 For Sale  In Sector 48,Marathahalli,TRUE,"C23R XJR, Park View City 1, Tatvam Villas, Sector 48, Gurugram, Haryana 122001, India",14,West,SEMI_FURNISHED,"{""LIFT"":true,""GYM"":true,""INTERNET"":true,""AC"":false,""CLUB"":true,""INTERCOM"":true,""POOL"":true,""CPA"":true,""FS"":true,""SERVANT"":false,""SECURITY"":true,""SC"":true,""GP"":true,""PARK"":true,""RWH"":false,""STP"":true,""HK"":false,""PB"":false,""VP"":true}",53443.51,4 BHK,Bangalore,Amit,BUY,SECURITY_ONLY,I will show,3,https://assets.nobroker.in/images/8a9fa08393f294230193f2b272b90a28/8a9fa08393f294230193f2b272b90a28_6632_721097_medium.jpg,"C23R XJR, Park View City 1, Tatvam Villas, Sector 48, Gurugram, Haryana 122001, India, Sector 48, gurgaon",AP,Spacious and well-ventilated flat with natural lighting.,3,both,yes,yes,2025-09-07,2025-08-08,12.9591,77.6974
10,Bike and Car,FALSE,1998,109327,READY,3,3 BHK Flat In Emilia Towers For Sale  In Sector 49,Banashankari,TRUE,"Street 2,Near Vatika Business Centre ",8,North,SEMI_FURNISHED,"{""LIFT"":true,""GYM"":true,""INTERNET"":true,""AC"":false,""CLUB"":true,""INTERCOM"":true,""POOL"":true,""CPA"":true,""FS"":true,""SERVANT"":false,""SECURITY"":true,""SC"":false,""GP"":true,""PARK"":true,""RWH"":false,""STP"":true,""HK"":false,""PB"":false,""VP"":true}",54663.95,3 BHK,Bangalore,SIDDHARTH,BUY,NO_SECURITY,I will show,5,https://assets.nobroker.in/images/8a9f8e8394d936f00194d98e704e12e0/8a9f8e8394d936f00194d98e704e12e0_49118_552627_medium.jpg,"Street 2,Near Vatika Business Centre , Sector 49, gurgaon",AP,Spacious and well-ventilated flat with natural lighting.,3,both,no,yes,2025-08-01,2025-07-25,12.9173,77.5615
3,Car,FALSE,2100,119938,READY,5,"4+ BHK Flat In Emaar The Palm Drive For Sale  In  Sector 66, Gurgaon",Rajajinagar,FALSE,Golf Course Extn Road,4,North,SEMI_FURNISHED,"{""INTERCOM"":false,""AC"":false,""RWH"":false,""HK"":false,""INTERNET"":false,""LIFT"":false,""CLUB"":false,""GP"":false,""FS"":false,""STP"":false,""PARK"":false,""SC"":false,""PB"":false,""CPA"":false,""SECURITY"":true,""POOL"":false,""GYM"":true,""VP"":false,""SERVANT"":false}",59969.24,4+ BHK,Bangalore,Chirantan Bose,BUY,NO_SECURITY,I will show,2,https://assets.nobroker.in/images/8a9fbb8395989e530195990ba7d73508/8a9fbb8395989e530195990ba7d73508_34774_342197_medium.jpg,"Golf Course Extn Road,  Sector 66, Gurgaon, gurgaon",AP,Close to metro station and shopping complexes.,0,both,yes,no,2025-07-31,2025-09-08,12.9917,77.5553
5,Bike and Car,TRUE,2200,121043,READY,4,2 BHK Flat In Emaar Palm Drive For Sale  In Sector 66,BTM Layout,TRUE,Emaar Palm Drive,18,North-East,SEMI_FURNISHED,"{""LIFT"":true,""GYM"":true,""INTERNET"":true,""AC"":false,""CLUB"":true,""INTERCOM"":true,""POOL"":true,""CPA"":true,""FS"":true,""SERVANT"":false,""SECURITY"":false,""SC"":true,""GP"":true,""PARK"":true,""RWH"":false,""STP"":true,""HK"":false,""PB"":false,""VP"":true}",60521.89,2 BHK,Bangalore,Mohd laraib,SALE,SECURITY_ONLY,,4,https://assets.nobroker.in/videos/property/8a9f9184963e4bf801963e5592140261/thumbnail/1668862986279,"Emaar Palm Drive, Sector 66, gurgaon",AP,Modern interiors and recently renovated kitchen.,3,munciple,no,no,2025-08-01,2025-08-05,12.9165,77.6101
5,Bike and Car,FALSE,2100,156036,READY,5,4 BHK Flat In Emaar Palm Drive For Sale  In Sector 66,Juhu,TRUE,"7, Palm Dr Rd, Badshahpur, Sector 66, Gurugram, Haryana 122018, India",4,Don't Know,SEMI_FURNISHED,"{""LIFT"":true,""GYM"":true,""INTERNET"":false,""AC"":true,""CLUB"":true,""INTERCOM"":true,""POOL"":true,""CPA"":true,""FS"":true,""SERVANT"":true,""SECURITY"":false,""SC"":false,""GP"":true,""PARK"":true,""RWH"":true,""STP"":true,""HK"":true,""PB"":true,""VP"":true}",78018.48,4 BHK,Mumbai,farman,BUY,SECURITY_ONLY,I will show,2,https://assets.nobroker.in/images/8a9fa7849652091d0196523fdf75183c/8a9fa7849652091d0196523fdf75183c_68641_667198_medium.jpg,"7, Palm Dr Rd, Badshahpur, Sector 66, Gurugram, Haryana 122018, India, Sector 66, gurgaon",AP,Quiet neighborhood with excellent connectivity.,2,bore,yes,no,2025-08-11,2025-08-31,19.1075,72.8263
10,Bike and Car,TRUE,3307,188458,READY,4,3 BHK Flat In Emaar Mgf Palm Drive The Sky Terraces For Sale  In Sector 66,Goregaon East,TRUE,Emaar Mgf Palm Drive The Sky Terraces,16,South-East,SEMI_FURNISHED,"{""LIFT"":true,""GYM"":true,""INTERNET"":true,""AC"":false,""CLUB"":true,""INTERCOM"":true,""POOL"":true,""CPA"":true,""FS"":true,""SERVANT"":false,""SECURITY"":true,""SC"":true,""GP"":true,""PARK"":true,""RWH"":false,""STP"":true,""HK"":false,""PB"":false,""VP"":true}",94229.35,3 BHK,Mumbai,Amit Kataria,BUY,NO_SECURITY,Need Help,3,https://assets.nobroker.in/images/8a9f8c8396189bb1019618ec7da1315d/8a9f8c8396189bb1019618ec7da1315d_97399_156165_medium.jpg,"Emaar Mgf Palm Drive The Sky Terraces, Sector 66, gurgaon",AP,Close to metro station and shopping complexes.,0,bore,no,yes,2025-08-18,2025-08-19,19.1653,72.8526
1,Car,FALSE,3700,163262,READY,4,4 BHK House For Sale  In Sector 49,Chembur,FALSE,Baba balak nath kutiya main road,4,North-West,FULLY_FURNISHED,"{""LIFT"":true,""GYM"":false,""INTERNET"":true,""AC"":false,""CLUB"":false,""INTERCOM"":false,""POOL"":false,""CPA"":false,""FS"":false,""SERVANT"":false,""SECURITY"":true,""SC"":false,""GP"":false,""PARK"":false,""RWH"":false,""STP"":false,""HK"":false,""PB"":false,""VP"":true}",81631.34,4 BHK,Mumbai,ajay anand,BUY,NO_SECURITY,,1,https://assets.nobroker.in/static/img/534_notxt.jpg,"Independent House, Baba balak nath kutiya main road, Sector 49, gurgaon",IH,Spacious and well-ventilated flat with natural lighting.,0,both,yes,no,2025-07-25,2025-08-04,19.0622,72.8993
5,Bike and Car,TRUE,3100,176374,READY,5,4 BHK House For Sale  In Sector 49,Khar West,FALSE,Sohna Road Vatika City near Matrikiran School Sohna Road,2,West,SEMI_FURNISHED,"{""LIFT"":false,""GYM"":false,""INTERNET"":false,""AC"":false,""CLUB"":false,""INTERCOM"":false,""POOL"":false,""CPA"":false,""FS"":false,""SERVANT"":false,""SECURITY"":true,""SC"":false,""GP"":false,""PARK"":false,""RWH"":false,""STP"":false,""HK"":false,""PB"":false,""VP"":false}",88187.37,4 BHK,Mumbai,surinder sing,BUY,SECURITY_ONLY,,1,https://assets.nobroker.in/images/ff8081815f48e653015f4db0ff0b161b/ff8081815f48e653015f4db0ff0b161b_60314_948398_medium.jpg,"Independent House, Sohna Road Vatika City near Matrikiran School Sohna Road , sector 49, gurgaon",IH,Modern interiors and recently renovated kitchen.,0,both,yes,yes,2025-08-13,2025-09-01,19.0728,72.8345
3,Bike and Car,FALSE,1200,32231,READY,1,1 BHK Flat For Sale  In  Sector 69,Borivali West,FALSE,"sector 69, near Cure & Care (Multispeciality Clinic)",4,Don't Know,SEMI_FURNISHED,"{""LIFT"":false,""GYM"":false,""INTERNET"":false,""AC"":false,""CLUB"":false,""INTERCOM"":false,""POOL"":false,""CPA"":false,""FS"":false,""SERVANT"":false,""SECURITY"":false,""SC"":false,""GP"":false,""PARK"":false,""RWH"":false,""STP"":false,""HK"":false,""PB"":false,""VP"":false}",16115.85,1 BHK,Mumbai,Hayat Rahi,SALE,NO_SECURITY,I will show,4,https://assets.nobroker.in/static/img/534_notxt.jpg,"standalone building, sector 69, near Cure & Care (Multispeciality Clinic),  Sector 69, gurgaon",AP,Modern interiors and recently renovated kitchen.,3,bore,no,no,2025-08-20,2025-07-30,19.2307,72.8567
-1,Bike and Car,TRUE,2332,100000,READY,4,4 BHK Flat In Unitech Sunbreeze For Sale  In Sector-69,Magarpatta,TRUE,"Sector-70, Southern Periphery Road, Gurgaon, Haryana, INDIA.",18,Don't Know,NOT_FURNISHED,"{""LIFT"":true,""GYM"":true,""INTERNET"":true,""AC"":false,""CLUB"":true,""INTERCOM"":true,""POOL"":true,""CPA"":true,""FS"":true,""SERVANT"":false,""SECURITY"":true,""SC"":true,""GP"":true,""PARK"":true,""RWH"":false,""STP"":true,""HK"":false,""PB"":false,""VP"":true}",,4 BHK,Pune,Gian,BUY,NO_SECURITY,,5,https://assets.nobroker.in/images/ff8081816155d46b016155ece23e0b83/ff8081816155d46b016155ece23e0b83_61840_956967_medium.jpg,"Sector-70, Southern Periphery Road, Gurgaon, Haryana, INDIA., Sector-69, gurgaon",AP,"Ideal for families, with nearby parks and schools.",0,munciple,no,yes,2025-08-19,2025-08-18,18.5157,73.9288
-1,Bike and Car,TRUE,1100,58196,READY,2,2 BHK Flat In Unitech Sunbreeze For Sale  In Sector-69,Wakad,TRUE,"Sector-70, Southern Periphery Road, Gurgaon, Haryana, INDIA.",14,North,NOT_FURNISHED,"{""LIFT"":true,""GYM"":true,""INTERNET"":true,""AC"":false,""CLUB"":true,""INTERCOM"":true,""POOL"":true,""CPA"":true,""FS"":false,""SERVANT"":false,""SECURITY"":true,""SC"":false,""GP"":false,""PARK"":true,""RWH"":false,""STP"":true,""HK"":false,""PB"":false,""VP"":true}",29098.16,2 BHK,Pune,Rishi Sharma,SALE,NO_SECURITY,,7,https://assets.nobroker.in/images/ff80818161eb95610161ebabeaed10a6/ff80818161eb95610161ebabeaed10a6_58483_764153_medium.jpg,"Sector-70, Southern Periphery Road, Gurgaon, Haryana, INDIA., Sector-69, gurgaon",AP,Close to metro station and shopping complexes.,3,munciple,yes,no,2025-08-16,2025-09-01,18.5989,73.7674
-1,Bike and Car,FALSE,1807,100000,READY,4,4 BHK Flat In Unitech Sunbreeze For Sale  In Sector 69,Aundh,TRUE,"92XP+5W8, Sector 69, Gurugram, Haryana 122101",13,Don't Know,NOT_FURNISHED,"{""LIFT"":true,""GYM"":true,""INTERNET"":true,""AC"":false,""CLUB"":false,""INTERCOM"":true,""POOL"":true,""CPA"":false,""FS"":false,""SERVANT"":false,""SECURITY"":true,""SC"":false,""GP"":false,""PARK"":false,""RWH"":false,""STP"":false,""HK"":false,""PB"":false,""VP"":false}",,4 BHK,Pune,r k singla,BUY,NO_SECURITY,Security,13,https://assets.nobroker.in/images/8a9f84439328a0ae019328fd848514ab/8a9f84439328a0ae019328fd848514ab_81629_149889_medium.jpg,"92XP+5W8, Sector 69, Gurugram, Haryana 122101, Sector 69, gurgaon",AP,"Ideal for families, with nearby parks and schools.",3,both,yes,yes,2025-09-10,2025-08-05,18.5593,73.8073
-1,Bike and Car,TRUE,1337,73596,READY,3,"3 BHK Flat In Unitech Sunbreeze, Sector 69 For Sale  In Sector 69",Hadapsar,TRUE,"Sector 69, Gurugram, Haryana 122101 ",13,West,NOT_FURNISHED,"{""GYM"":true,""AC"":false,""INTERNET"":true,""HK"":true,""STP"":true,""GP"":true,""CLUB"":true,""SC"":false,""RWH"":true,""PARK"":true,""PB"":true,""INTERCOM"":true,""FS"":true,""LIFT"":true,""VP"":true,""SERVANT"":false,""CPA"":true,""POOL"":true,""SECURITY"":true}",36798,3 BHK,Pune,Rahul Lakhina,BUY,SECURITY_ONLY,,4,https://assets.nobroker.in/images/8a9f84439329ea3401932a32c7ca1a37/8a9f84439329ea3401932a32c7ca1a37_84470_251807_medium.jpg,"Sector 69, Gurugram, Haryana 122101 , Sector 69, gurgaon",AP,Spacious and well-ventilated flat with natural lighting.,3,bore,no,no,2025-08-14,2025-08-25,18.5089,73.9259
-1,Bike and Car,FALSE,1337,79510,READY,4,3 BHK Flat In Sunbreeze For Sale  In Sector 69,Pimpri,FALSE,"Sector 69, Gurgaon",14,,NOT_FURNISHED,"{""LIFT"":true,""GYM"":true,""INTERNET"":false,""AC"":false,""CLUB"":false,""INTERCOM"":true,""POOL"":false,""CPA"":false,""FS"":true,""SERVANT"":false,""SECURITY"":true,""SC"":false,""GP"":false,""PARK"":true,""RWH"":false,""STP"":false,""HK"":false,""PB"":false,""VP"":true}",39755.3,3 BHK,Pune,SUDIPTO DUTTA,SALE,NO_SECURITY,,7,https://assets.nobroker.in/images/ff808181619dd96501619de5a3e305f0/ff808181619dd96501619de5a3e305f0_39870_medium.jpg,"Sector 69, Gurgaon, Sector 69, gurgaon",AP,Modern interiors and recently renovated kitchen.,2,bore,yes,yes,2025-07-27,2025-08-31,18.6298,73.8131
5,Car,TRUE,1578,98799,READY,3,"3 BHK Flat In Tulip Violet, Tulip Violet Tower  B24, Tulip Violet, Tulip Violet Society, Gurugram, Haryana 122101, India For Sale  In Tulip Violet",Pitampura,TRUE,"Sector 69, Gurugram, Haryana 122101
",12,South-East,SEMI_FURNISHED,"{""LIFT"":true,""GYM"":true,""INTERNET"":true,""AC"":false,""CLUB"":true,""INTERCOM"":true,""POOL"":true,""CPA"":true,""FS"":false,""SERVANT"":false,""SECURITY"":true,""SC"":false,""GP"":false,""PARK"":false,""RWH"":false,""STP"":true,""HK"":false,""PB"":false,""VP"":false}",49399.62,3 BHK,Delhi,Suringer Kumar Khurana,SALE,SECURITY_ONLY,I will show,7,https://assets.nobroker.in/videos/property/8a9f8a8496708376019670ba22c41a20/thumbnail/5697261373408,"Sector 69, Gurugram, Haryana 122101
, Tulip violet, gurgaon",AP,Modern interiors and recently renovated kitchen.,1,both,yes,no,2025-08-03,2025-08-23,28.6962,77.1525
10,Bike and Car,FALSE,1138,50972,READY,2,4 BHK House For Sale  In Sector 66,Vasant Kunj,FALSE,sohna rd near by State Bank Of India,2,North,NOT_FURNISHED,"{""LIFT"":false,""GYM"":false,""INTERNET"":false,""AC"":false,""CLUB"":false,""INTERCOM"":false,""POOL"":false,""CPA"":false,""FS"":false,""SERVANT"":false,""SECURITY"":false,""SC"":false,""GP"":false,""PARK"":false,""RWH"":false,""STP"":false,""HK"":false,""PB"":false,""VP"":false}",25486.36,4 BHK,Delhi,Sandeep Raghavan,BUY,NO_SECURITY,,1,https://assets.nobroker.in/images/8a9f84448ccd18bc018ccda170d52e61/8a9f84448ccd18bc018ccda170d52e61_72384_863953_medium.jpg,"Independent House, sohna rd near by State Bank Of India, Sector 66, gurgaon",IH,Modern interiors and recently renovated kitchen.,1,bore,no,yes,2025-08-29,2025-09-01,28.5245,77.1581
5,Bike and Car,FALSE,2100,176427,READY,5,4 BHK Flat In Tata Primanti Phase 2 For Sale  In Sector 72,Janakpuri,FALSE,TATA Primanti Tower-2,40,East,SEMI_FURNISHED,"{""LIFT"":false,""GYM"":false,""INTERNET"":false,""AC"":false,""CLUB"":false,""INTERCOM"":false,""POOL"":false,""CPA"":false,""FS"":false,""SERVANT"":false,""SECURITY"":false,""SC"":false,""GP"":false,""PARK"":false,""RWH"":false,""STP"":false,""HK"":false,""PB"":false,""VP"":false}",88213.6,4 BHK,Delhi,Sidharth,SALE,SECURITY_ONLY,I will show,23,https://assets.nobroker.in/images/8a9f9f6895176fe3019517894bde08aa/8a9f9f6895176fe3019517894bde08aa_48928_163885_medium.jpg,"TATA Primanti Tower-2, Sector 72, gurgaon",AP,Close to metro station and shopping complexes.,1,both,yes,no,2025-08-10,2025-08-17,28.6219,77.0814
0,Bike,FALSE,1800,100000,READY,4,3 BHK Flat In Emaar Mgf The Enclave For Sale  In Sector-66,Preet Vihar,FALSE," Emaar The Enclave Palm Dr Rd Badshahpur, Sector 66 Gurugram, Haryana 122102 India",18,Don't Know,SEMI_FURNISHED,"{""LIFT"":true,""GYM"":true,""INTERNET"":false,""AC"":false,""CLUB"":false,""INTERCOM"":false,""POOL"":false,""CPA"":false,""FS"":false,""SERVANT"":false,""SECURITY"":true,""SC"":false,""GP"":false,""PARK"":true,""RWH"":false,""STP"":false,""HK"":false,""PB"":false,""VP"":true}",,3 BHK,Delhi,Meenu,BUY,SECURITY_ONLY,I will show,12,https://assets.nobroker.in/images/8a9f9a939720f2030197211d1fed1002/8a9f9a939720f2030197211d1fed1002_78324_51742_medium.jpg," Emaar The Enclave Palm Dr Rd Badshahpur, Sector 66 Gurugram, Haryana 122102 India, Sector-66 , gurgaon",AP,"Ideal for families, with nearby parks and schools.",3,bore,yes,yes,2025-09-03,2025-09-05,28.6467,77.2947
3,Bike and Car,TRUE,1100,70308,READY,2,3 BHK Flat In Tulip White Park For Sale  In Sector 69,Mayur Vihar,TRUE,"Sector 69, Sohna Road, Gurgaon.",12,North,SEMI_FURNISHED,"{""LIFT"":true,""GYM"":true,""INTERNET"":true,""AC"":false,""CLUB"":true,""INTERCOM"":true,""POOL"":true,""CPA"":true,""FS"":true,""SERVANT"":false,""SECURITY"":true,""SC"":false,""GP"":false,""PARK"":true,""RWH"":false,""STP"":false,""HK"":false,""PB"":false,""VP"":true}",35154.36,3 BHK,Delhi,Ravi,BUY,SECURITY_ONLY,,12,https://assets.nobroker.in/images/ff80818162c249b60162c2bed2fb412c/ff80818162c249b60162c2bed2fb412c_765008_958986_medium.jpg,"Sector 69, Sohna Road, Gurgaon., Sector 69, gurgaon",AP,Spacious and well-ventilated flat with natural lighting.,1,bore,no,no,2025-07-21,2025-09-08,28.6284,77.2951
3,Bike and Car,FALSE,2185,125375,READY,3,"3 BHK Flat In Tata Primanti Gurgaon, Sector 72 For Sale  In Sector 72",Sector 14,TRUE,"Southern Peripheral Road, Near, Tatvam Villas, Dhani, Sector 72, Gurugram, Haryana 122101, India",20,North-East,SEMI_FURNISHED,"{""LIFT"":true,""GYM"":true,""INTERNET"":true,""AC"":false,""CLUB"":true,""INTERCOM"":true,""POOL"":true,""CPA"":true,""FS"":true,""SERVANT"":false,""SECURITY"":true,""SC"":false,""GP"":true,""PARK"":true,""RWH"":false,""STP"":true,""HK"":false,""PB"":false,""VP"":true}",62687.5,3 BHK,Gurgaon,Alok,SALE,SECURITY_ONLY,,1,https://assets.nobroker.in/videos/property/8a9f9d827b52479c017b52e8c2f15dfa/thumbnail/315656877235,"Southern Peripheral Road, Near, Tatvam Villas, Dhani, Sector 72, Gurugram, Haryana 122101, India, Sector 72, gurgaon",AP,Modern interiors and recently renovated kitchen.,0,both,no,no,2025-07-28,2025-08-06,28.4817,77.0472
5,Bike and Car,FALSE,1360,73544,READY,2,3 BHK Flat In Tulip White Apartments For Sale  In Sector 69,Udyog Vihar,TRUE,"Darbaripur Rd, Sector 69, Gurugram, Haryana 122101, India",15,Don't Know,SEMI_FURNISHED,"{""LIFT"":true,""GYM"":true,""INTERNET"":false,""AC"":false,""CLUB"":true,""INTERCOM"":true,""POOL"":true,""CPA"":true,""FS"":false,""SERVANT"":false,""SECURITY"":true,""SC"":false,""GP"":false,""PARK"":true,""RWH"":false,""STP"":false,""HK"":false,""PB"":false,""VP"":true}",36772.16,3 BHK,Gurgaon,Inder jeet mehta,BUY,SECURITY_ONLY,,0,https://assets.nobroker.in/images/8a9f83c3913fd27401914020abb12cd5/8a9f83c3913fd27401914020abb12cd5_36471_243147_medium.jpg,"Darbaripur Rd, Sector 69, Gurugram, Haryana 122101, India, Sector 69, gurgaon",AP,"Ideal for families, with nearby parks and schools.",2,bore,no,no,2025-08-15,2025-08-12,28.4839,77.0648
5,Bike and Car,FALSE,1360,73544,READY,2,3 BHK Flat In Tulip White Apartments For Sale  In Sector 69,DLF Phase 1,TRUE,"Darbaripur Rd, Sector 69, Gurugram, Haryana 122101, India",15,Don't Know,SEMI_FURNISHED,"{""LIFT"":true,""GYM"":true,""INTERNET"":false,""AC"":false,""CLUB"":true,""INTERCOM"":true,""POOL"":true,""CPA"":true,""FS"":false,""SERVANT"":false,""SECURITY"":true,""SC"":false,""GP"":false,""PARK"":true,""RWH"":false,""STP"":false,""HK"":false,""PB"":false,""VP"":true}",36772.16,3 BHK,Gurgaon,Inder jeet mehta,SALE,SECURITY_ONLY,,0,https://assets.nobroker.in/images/8a9f83c3913fd27401914020abb12cd5/8a9f83c3913fd27401914020abb12cd5_36471_243147_medium.jpg,"Darbaripur Rd, Sector 69, Gurugram, Haryana 122101, India, Sector 69, gurgaon",AP,Spacious and well-ventilated flat with natural lighting.,3,bore,no,yes,2025-07-29,2025-09-17,28.4743,77.1028
-1,Bike and Car,FALSE,2270,138164,READY,3,3 BHK Flat In Godrej Aristocrat For Sale  In Sector 49,Sector 56,FALSE,"Badshahpur Sohna Rd Hwy, D Block, Block W, Badshahpur, Sector 49, Gurugram, Haryana 122001",33,North,NOT_FURNISHED,"{""LIFT"":false,""GYM"":false,""INTERNET"":false,""AC"":false,""CLUB"":false,""INTERCOM"":false,""POOL"":false,""CPA"":false,""FS"":false,""SERVANT"":false,""SECURITY"":true,""SC"":false,""GP"":false,""PARK"":false,""RWH"":false,""STP"":false,""HK"":false,""PB"":false,""VP"":false}",69082.46,3 BHK,Gurgaon,Mohit,SALE,NO_SECURITY,,15,https://assets.nobroker.in/images/8a9f84849095e0de019095e8e7bd0115/8a9f84849095e0de019095e8e7bd0115_76866_724529_medium.jpg,"Badshahpur Sohna Rd Hwy, D Block, Block W, Badshahpur, Sector 49, Gurugram, Haryana 122001, Sector 49, gurgaon",AP,"Ideal for families, with nearby parks and schools.",3,both,yes,yes,2025-08-26,2025-08-12,28.4326,77.0707
-1,Car,TRUE,2514,177927,READY,3,3 BHK Flat In Godrej Aristocrat For Sale  In Sector 49,New Gurgaon,FALSE,Ghasola Road,32,East,SEMI_FURNISHED,"{""LIFT"":true,""GYM"":true,""INTERNET"":true,""AC"":false,""CLUB"":true,""INTERCOM"":true,""POOL"":true,""CPA"":true,""FS"":true,""SERVANT"":false,""SECURITY"":true,""SC"":true,""GP"":true,""PARK"":true,""RWH"":false,""STP"":true,""HK"":false,""PB"":false,""VP"":true}",88963.69,3 BHK,Gurgaon,Shankar Sharma,BUY,SECURITY_ONLY,,15,https://assets.nobroker.in/images/8a9f8f4391459e01019145b20767076e/8a9f8f4391459e01019145b20767076e_40829_411825_medium.jpg,"Ghasola Road, Sector 49, gurgaon",AP,Close to metro station and shopping complexes.,0,both,no,no,2025-09-03,2025-08-18,28.4089,76.9673
10,Bike and Car,FALSE,1550,76117,READY,2,"3 BHK Flat In Uppal Southend, Sector-49 For Sale  In Sector-49",Secunderabad,FALSE,"Sector-49, Sohna Road, Gurgaon, Haryana, INDIA.",2,East,SEMI_FURNISHED,"{""LIFT"":false,""GYM"":true,""INTERNET"":true,""AC"":false,""CLUB"":false,""INTERCOM"":false,""POOL"":false,""CPA"":true,""FS"":false,""SERVANT"":false,""SECURITY"":true,""SC"":true,""GP"":false,""PARK"":true,""RWH"":false,""STP"":true,""HK"":false,""PB"":false,""VP"":true}",38058.51,3 BHK,Hyderabad,Adarsh,SALE,NO_SECURITY,,2,https://assets.nobroker.in/images/8a9fad838c4357a2018c43c8cf3e4965/8a9fad838c4357a2018c43c8cf3e4965_46773_403113_medium.jpg,"Sector-49, Sohna Road, Gurgaon, Haryana, INDIA., Sector-49, gurgaon",AP,Close to metro station and shopping complexes.,1,bore,no,no,2025-09-15,2025-09-05,17.4399,78.4983
1,Car,TRUE,2550,164856,READY,4,"4 BHK Flat In Tata Primanti, Sector 72 For Sale  In Sector 72",Kukatpally,TRUE,SPR Road,32,North-East,SEMI_FURNISHED,"{""LIFT"":true,""GYM"":true,""INTERNET"":true,""AC"":false,""CLUB"":true,""INTERCOM"":true,""POOL"":true,""CPA"":true,""FS"":true,""SERVANT"":false,""SECURITY"":true,""SC"":true,""GP"":true,""PARK"":true,""RWH"":false,""STP"":true,""HK"":false,""PB"":false,""VP"":true}",82428.43,4 BHK,Hyderabad,Prakash Sharma,BUY,SECURITY_ONLY,I will show,8,https://assets.nobroker.in/images/8a9fa18394b0e0070194b0efed3f04e7/8a9fa18394b0e0070194b0efed3f04e7_10405_631195_medium.jpg,"SPR Road , Sector 72, gurgaon",AP,Modern interiors and recently renovated kitchen.,3,bore,yes,no,2025-08-30,2025-07-30,17.493,78.3908
5,Bike and Car,FALSE,2905,253274,READY,5,4 BHK Flat In Tata Primanti For Sale  In Sector 72,Miyapur,TRUE,"Dhani, Fazilpur Jharsa, Sec-72, Gurugram, Haryana 122001,",40,East,SEMI_FURNISHED,"{""LIFT"":true,""GYM"":true,""INTERNET"":false,""AC"":false,""CLUB"":true,""INTERCOM"":true,""POOL"":true,""CPA"":true,""FS"":false,""SERVANT"":false,""SECURITY"":true,""SC"":false,""GP"":false,""PARK"":true,""RWH"":false,""STP"":false,""HK"":false,""PB"":false,""VP"":false}",126637.43,4 BHK,Hyderabad,ShasiYadhav,SALE,NO_SECURITY,I will show,19,https://assets.nobroker.in/images/8a9fad8395c23e930195c24da9790631/8a9fad8395c23e930195c24da9790631_40523_985377_medium.jpg,"Dhani, Fazilpur Jharsa, Sec-72, Gurugram, Haryana 122001,, Sector 72, gurgaon",AP,"Ideal for families, with nearby parks and schools.",0,bore,yes,no,2025-07-25,2025-08-03,17.5123,78.344
3,Bike and Car,TRUE,8500,184090,READY,5,4+ BHK Flat In Tata Primanti For Sale  In Sector 72,Uppal,TRUE,Sector 72,4,North-East,SEMI_FURNISHED,"{""LIFT"":true,""GYM"":true,""INTERNET"":false,""AC"":false,""CLUB"":true,""INTERCOM"":true,""POOL"":true,""CPA"":true,""FS"":false,""SERVANT"":false,""SECURITY"":true,""SC"":false,""GP"":false,""PARK"":true,""RWH"":false,""STP"":false,""HK"":false,""PB"":false,""VP"":false}",92045.17,4+ BHK,Hyderabad,Mitul,BUY,SECURITY_ONLY,,0,https://assets.nobroker.in/images/8a9fad8393f856cd0193f892a8121231/8a9fad8393f856cd0193f892a8121231_76186_774337_medium.jpg,"Sector 72, Sector 72, gurgaon",AP,Modern interiors and recently renovated kitchen.,0,bore,yes,no,2025-09-04,2025-09-17,17.4056,78.5562
5,Car,TRUE,2185,131945,READY,4,3 BHK Flat In Tata Primanti For Sale  In Sector 72,LB Nagar,FALSE,tata primanti,22,North-East,NOT_FURNISHED,"{""INTERCOM"":true,""AC"":true,""RWH"":true,""HK"":true,""INTERNET"":true,""LIFT"":true,""CLUB"":true,""GP"":true,""FS"":true,""STP"":true,""PARK"":true,""SC"":true,""PB"":true,""CPA"":true,""SECURITY"":true,""POOL"":true,""GYM"":true,""VP"":true,""SERVANT"":true}",65972.57,3 BHK,Hyderabad,Indu,SALE,SECURITY_ONLY,I will show,21,https://assets.nobroker.in/static/img/534_notxt.jpg,"tata primanti, Sector 72, gurgaon",AP,Modern interiors and recently renovated kitchen.,3,munciple,yes,yes,2025-08-08,2025-08-18,17.3525,78.5503
5,Bike and Car,FALSE,2905,198919,READY,4,4+ BHK Flat In Tata Primanti For Sale  In Sector 72,Yelahanka,FALSE,Southern Peripheral Rd,39,North-East,SEMI_FURNISHED,"{""LIFT"":false,""GYM"":true,""INTERNET"":false,""AC"":false,""CLUB"":false,""INTERCOM"":false,""POOL"":false,""CPA"":false,""FS"":false,""SERVANT"":false,""SECURITY"":true,""SC"":false,""GP"":false,""PARK"":false,""RWH"":false,""STP"":false,""HK"":false,""PB"":false,""VP"":false}",99459.67,4+ BHK,Bangalore,Amit,BUY,SECURITY_ONLY,I will show,39,https://assets.nobroker.in/images/8a9f8e91972457ab01972491dd970d9f/8a9f8e91972457ab01972491dd970d9f_95796_81756_medium.jpg,"Southern Peripheral Rd, Sector 72, gurgaon",AP,Spacious and well-ventilated flat with natural lighting.,0,munciple,no,no,2025-08-12,2025-07-22,13.1007,77.5963
-1,Bike and Car,FALSE,2625,156944,READY,4,4 BHK Flat In Tata Primanti For Sale  In Sector 72,Hebbal,TRUE,"Village, Fazilpur Jharsa (Near Vatika Chowk, Sohna Road, Southern Peripheral Rd, Sector 72, Gurugram, Haryana",25,East,NOT_FURNISHED,"{""LIFT"":true,""GYM"":true,""INTERNET"":false,""AC"":false,""CLUB"":true,""INTERCOM"":true,""POOL"":true,""CPA"":true,""FS"":false,""SERVANT"":false,""SECURITY"":true,""SC"":false,""GP"":false,""PARK"":true,""RWH"":false,""STP"":false,""HK"":false,""PB"":false,""VP"":false}",78472.06,4 BHK,Bangalore,delhi projects2,SALE,NO_SECURITY,I will show,9,https://assets.nobroker.in/images/8a9f9b889790f16201979104db0c0794/8a9f9b889790f16201979104db0c0794_4600_564426_medium.jpg,"Village, Fazilpur Jharsa (Near Vatika Chowk, Sohna Road, Southern Peripheral Rd, Sector 72, Gurugram, Haryana, Sector 72, gurgaon",AP,Spacious and well-ventilated flat with natural lighting.,3,munciple,no,yes,2025-07-22,2025-08-16,13.0358,77.597
3,Car,FALSE,2625,137623,READY,4,"4 BHK Flat In Tata Primanti, Sector 72 For Sale  In Sector 72",RT Nagar,TRUE,Tata primanti,25,Don't Know,NOT_FURNISHED,"{""LIFT"":true,""GYM"":true,""INTERNET"":false,""AC"":false,""CLUB"":true,""INTERCOM"":true,""POOL"":true,""CPA"":true,""FS"":true,""SERVANT"":false,""SECURITY"":true,""SC"":true,""GP"":true,""PARK"":true,""RWH"":false,""STP"":true,""HK"":false,""PB"":false,""VP"":true}",68811.82,4 BHK,Bangalore,ajay bhalla,SALE,NO_SECURITY,,4,https://assets.nobroker.in/images/8a9f9703914fb38201914ffa3e2238c9/8a9f9703914fb38201914ffa3e2238c9_25802_193542_medium.jpg,"Tata primanti, Sector 72, gurgaon",AP,Spacious and well-ventilated flat with natural lighting.,1,munciple,no,no,2025-08-14,2025-08-29,13.0103,77.595
-1,Bike and Car,FALSE,2145,114279,READY,3,3 BHK Flat In Tata Primanti For Sale  In Sector 72,Malleshwaram,TRUE,"Village, Fazilpur Jharsa (Near Vatika Chowk, Sohna Road, Southern Peripheral Rd, Sector 72, Gurugram, Haryana",25,East,NOT_FURNISHED,"{""LIFT"":true,""GYM"":true,""INTERNET"":false,""AC"":false,""CLUB"":true,""INTERCOM"":true,""POOL"":true,""CPA"":true,""FS"":false,""SERVANT"":false,""SECURITY"":true,""SC"":false,""GP"":false,""PARK"":true,""RWH"":false,""STP"":false,""HK"":false,""PB"":false,""VP"":false}",57139.63,3 BHK,Bangalore,delhi projects2,BUY,NO_SECURITY,I will show,3,https://assets.nobroker.in/images/8a9f8d879790e72201979104ea480b9a/8a9f8d879790e72201979104ea480b9a_80475_724823_medium.jpg,"Village, Fazilpur Jharsa (Near Vatika Chowk, Sohna Road, Southern Peripheral Rd, Sector 72, Gurugram, Haryana, Sector 72, gurgaon",AP,Spacious and well-ventilated flat with natural lighting.,0,munciple,no,no,2025-08-21,2025-08-06,12.995,77.5726
3,Car,TRUE,225,22153,READY,1,1 RK Flat In Tata Primanti For Sale  In Sector 72,Basavanagudi,FALSE,tata primantu sec 72,5,North-East,FULLY_FURNISHED,"{""LIFT"":true,""GYM"":true,""INTERNET"":true,""AC"":false,""CLUB"":false,""INTERCOM"":false,""POOL"":false,""CPA"":true,""FS"":false,""SERVANT"":false,""SECURITY"":true,""SC"":false,""GP"":true,""PARK"":false,""RWH"":false,""STP"":true,""HK"":false,""PB"":false,""VP"":true}",11076.94,1 RK,Bangalore,Mansi dhawan,SALE,SECURITY_ONLY,I will show,2,https://assets.nobroker.in/images/8a9faf83945576b5019455b3e3d31486/8a9faf83945576b5019455b3e3d31486_55656_969784_medium.jpg,"tata primantu sec 72 , Sector 72, gurgaon",AP,Close to metro station and shopping complexes.,3,both,no,yes,2025-09-09,2025-09-16,12.9398,77.5751
10,Bike and Car,FALSE,200,14191,READY,1,1 RK Flat In Tulip White Apartments For Sale  In Sector 69,Santacruz East,FALSE,"Main Branch Rd, Sector 69, Gurugram, Haryana 122101",4,Don't Know,NOT_FURNISHED,"{""LIFT"":false,""GYM"":true,""INTERNET"":false,""AC"":false,""CLUB"":false,""INTERCOM"":false,""POOL"":false,""CPA"":false,""FS"":false,""SERVANT"":false,""SECURITY"":false,""SC"":false,""GP"":false,""PARK"":false,""RWH"":false,""STP"":false,""HK"":false,""PB"":false,""VP"":false}",7095.58,1 RK,Mumbai,Manesh,BUY,NO_SECURITY,I will show,4,https://assets.nobroker.in/images/8a9f918597a616eb0197a6c7e7c23eac/8a9f918597a616eb0197a6c7e7c23eac_92227_103346_medium.jpg,"Main Branch Rd, Sector 69, Gurugram, Haryana 122101, Sector 69, gurgaon",AP,Modern interiors and recently renovated kitchen.,2,both,no,no,2025-08-06,2025-08-03,19.0825,72.8583
3,Bike and Car,FALSE,900,59629,READY,2,3 BHK Flat For Sale  In Sector 69,Vikhroli,FALSE,Main Branch Rd near Tulip White Apartments,4,East,FULLY_FURNISHED,"{""LIFT"":false,""GYM"":false,""INTERNET"":false,""AC"":false,""CLUB"":false,""INTERCOM"":false,""POOL"":false,""CPA"":false,""FS"":false,""SERVANT"":false,""SECURITY"":false,""SC"":false,""GP"":false,""PARK"":false,""RWH"":false,""STP"":false,""HK"":false,""PB"":false,""VP"":false}",29814.81,3 BHK,Mumbai,Shanky Batra,SALE,NO_SECURITY,Tenants,2,https://assets.nobroker.in/images/8a9fa1889806e48001980737ee081209/8a9fa1889806e48001980737ee081209_25984_549456_medium.jpg,"Standalone building, Main Branch Rd near Tulip White Apartments, Sector 69, gurgaon",AP,Quiet neighborhood with excellent connectivity.,1,both,yes,yes,2025-09-10,2025-08-01,19.1051,72.925
0,Bike,FALSE,350,21384,READY,1,1 RK Flat In Tulip White Apartments For Sale  In Sector 69,Kandivali West,FALSE,"A5, Sector 69, Gurugram, Haryana 122101, India",7,Don't Know,SEMI_FURNISHED,"{""LIFT"":true,""GYM"":false,""INTERNET"":true,""AC"":false,""CLUB"":false,""INTERCOM"":false,""POOL"":false,""CPA"":false,""FS"":false,""SERVANT"":false,""SECURITY"":true,""SC"":true,""GP"":false,""PARK"":false,""RWH"":false,""STP"":true,""HK"":false,""PB"":false,""VP"":false}",10692.32,1 RK,Mumbai,sandhya Sharma,BUY,SECURITY_ONLY,I will show,0,https://assets.nobroker.in/images/8a9f8a8395fbc0b50195fc117f241c2f/8a9f8a8395fbc0b50195fc117f241c2f_36508_881975_medium.jpg,"A5, Sector 69, Gurugram, Haryana 122101, India, Sector 69, gurgaon",AP,Quiet neighborhood with excellent connectivity.,2,munciple,no,no,2025-09-01,2025-07-28,19.2058,72.837
10,Car,FALSE,1326,81911,READY,2,3 BHK Flat In Tulip White For Sale  In Tulip White Apartments,Mulund West,FALSE,Sector 69,10,Don't Know,SEMI_FURNISHED,"{""INTERCOM"":true,""AC"":false,""RWH"":false,""HK"":true,""INTERNET"":false,""LIFT"":true,""CLUB"":true,""GP"":true,""FS"":true,""STP"":true,""PARK"":true,""SC"":false,""PB"":false,""CPA"":true,""SECURITY"":true,""POOL"":true,""GYM"":false,""VP"":true,""SERVANT"":true}",40955.72,3 BHK,Mumbai,Piyush,SALE,SECURITY_ONLY,Tenants,10,https://assets.nobroker.in/videos/property/8a9f948797f02ab20197f0378a0b03a7/thumbnail/9313249879779,"Sector 69, Tulip White Apartments, gurgaon",AP,Quiet neighborhood with excellent connectivity.,0,bore,yes,no,2025-08-31,2025-08-16,19.1728,72.9589
5,Bike and Car,FALSE,1326,63174,READY,2,3 BHK Flat In Tulip White For Sale  In Sector 69,Ghatkopar East,FALSE,"Main Branch Rd, near Tulip White Apartments",10,East,SEMI_FURNISHED,"{""LIFT"":false,""GYM"":false,""INTERNET"":false,""AC"":false,""CLUB"":false,""INTERCOM"":false,""POOL"":false,""CPA"":false,""FS"":false,""SERVANT"":false,""SECURITY"":true,""SC"":false,""GP"":false,""PARK"":false,""RWH"":false,""STP"":false,""HK"":false,""PB"":false,""VP"":false}",31587.47,3 BHK,Mumbai,Arun Goel,BUY,SECURITY_ONLY,I will show,9,https://assets.nobroker.in/images/8a9fa18697825afa0197826710fd03a4/8a9fa18697825afa0197826710fd03a4_252351_676423_medium.jpg,"Main Branch Rd, near Tulip White Apartments, Sector 69, gurgaon",AP,Quiet neighborhood with excellent connectivity.,0,bore,yes,no,2025-07-30,2025-09-02,19.0863,72.9081
10,Bike and Car,TRUE,1350,85350,READY,2,3 BHK Flat In Tulip White Apartments For Sale  In Sector 69,Shivaji Nagar,TRUE,"Tulip White Apartments Main Branch Rd, Sector 69, Gurgoan, Haryana 122101, India",11,West,SEMI_FURNISHED,"{""LIFT"":true,""GYM"":true,""INTERNET"":true,""AC"":false,""CLUB"":true,""INTERCOM"":true,""POOL"":true,""CPA"":true,""FS"":false,""SERVANT"":false,""SECURITY"":true,""SC"":false,""GP"":false,""PARK"":false,""RWH"":false,""STP"":false,""HK"":false,""PB"":false,""VP"":false}",42675.19,3 BHK,Pune,Ajay,SALE,NO_SECURITY,,11,https://assets.nobroker.in/images/8a9f84c48d1531ef018d161c02096eb5/8a9f84c48d1531ef018d161c02096eb5_46882_560521_medium.jpg,"Tulip White Apartments Main Branch Rd, Sector 69, Gurgoan, Haryana 122101, India, Sector 69, gurgaon",AP,Close to metro station and shopping complexes.,0,both,no,yes,2025-07-26,2025-07-23,18.5304,73.8567
5,Car,TRUE,1360,67104,READY,2,"3 BHK Flat In Tulip White Apartments, Sector 69, Gurgaon For Sale  In Sector 69, Gurgaon",Deccan,TRUE,"Main Branch Rd, Sector 69, Gurgoan, Haryana 122101, India",10,East,SEMI_FURNISHED,"{""LIFT"":true,""GYM"":true,""INTERNET"":true,""AC"":false,""CLUB"":true,""INTERCOM"":true,""POOL"":true,""CPA"":true,""FS"":false,""SERVANT"":false,""SECURITY"":true,""SC"":false,""GP"":false,""PARK"":false,""RWH"":false,""STP"":false,""HK"":false,""PB"":false,""VP"":false}",33552.28,3 BHK,Pune,Sarla,SALE,NO_SECURITY,Friends/Relatives,0,https://assets.nobroker.in/images/8a9faa8395ebdf910195ec40e7302452/8a9faa8395ebdf910195ec40e7302452_37289_269122_medium.jpg,"Main Branch Rd, Sector 69, Gurgoan, Haryana 122101, India, Sector 69, Gurgaon, gurgaon",AP,Modern interiors and recently renovated kitchen.,0,munciple,no,yes,2025-07-21,2025-07-20,18.5158,73.8436
-1,Car,TRUE,2777,185311,READY,4,"4+ BHK Flat In Godrej Aristrocrate For Sale  In Godrej Aristocrat | Sector 49, Gurgaon",Camp,TRUE,Sohna Road,31,South,SEMI_FURNISHED,"{""LIFT"":true,""GYM"":true,""INTERNET"":true,""AC"":false,""CLUB"":true,""INTERCOM"":true,""POOL"":true,""CPA"":true,""FS"":true,""SERVANT"":false,""SECURITY"":true,""SC"":true,""GP"":true,""PARK"":true,""RWH"":false,""STP"":true,""HK"":false,""PB"":false,""VP"":true}",92655.73,4+ BHK,Pune,Sarthak Khanna,SALE,NO_SECURITY,I will show,14,https://assets.nobroker.in/images/8a9fb18694a743bd0194a75b0023079b/8a9fb18694a743bd0194a75b0023079b_project_65498_medium.jpg,"Sohna Road, Godrej Aristocrat | Sector 49, Gurgaon, gurgaon",AP,Quiet neighborhood with excellent connectivity.,0,bore,yes,no,2025-08-10,2025-08-18,18.5196,73.8553
-1,Car,TRUE,1937,145734,READY,4,"4 BHK Flat In Godrej Aristocrat,sec 49 For Sale  In Sector 49",Kalyani Nagar,TRUE,"Godrej Aristocrat,Sec 49",32,Don't Know,SEMI_FURNISHED,"{""LIFT"":true,""GYM"":true,""INTERNET"":true,""AC"":false,""CLUB"":true,""INTERCOM"":true,""POOL"":true,""CPA"":true,""FS"":true,""SERVANT"":false,""SECURITY"":true,""SC"":true,""GP"":true,""PARK"":true,""RWH"":false,""STP"":true,""HK"":false,""PB"":false,""VP"":true}",72867.09,4 BHK,Pune,Himanshu Kathuria,BUY,NO_SECURITY,,10,https://assets.nobroker.in/images/8a9f83c39223b40c019223e3b6030de1/8a9f83c39223b40c019223e3b6030de1_58138_360413_medium.jpg,"Godrej Aristocrat,Sec 49, Sector 49, gurgaon",AP,Close to metro station and shopping complexes.,0,munciple,no,no,2025-09-05,2025-07-27,18.5482,73.904
-1,Bike and Car,FALSE,2000,162363,READY,3,"3 BHK Flat In Godrej Aristocrat | Sector 49, Gurgaon For Sale  In Sector 49",Warje,FALSE,"Badshahpur Sohna Rd Hwy, D Block, Block W, Badshahpur, Sector 49, Gurugram, Haryana 122001",34,North,FULLY_FURNISHED,"{""LIFT"":true,""GYM"":true,""INTERNET"":false,""AC"":false,""CLUB"":false,""INTERCOM"":false,""POOL"":false,""CPA"":false,""FS"":false,""SERVANT"":false,""SECURITY"":false,""SC"":false,""GP"":false,""PARK"":false,""RWH"":false,""STP"":false,""HK"":false,""PB"":false,""VP"":false}",81181.81,3 BHK,Pune,saurabh,SALE,NO_SECURITY,,17,https://assets.nobroker.in/images/8a9f98c38eb1cb3f018eb1f778761903/8a9f98c38eb1cb3f018eb1f778761903_20070_30618_medium.jpg,"Badshahpur Sohna Rd Hwy, D Block, Block W, Badshahpur, Sector 49, Gurugram, Haryana 122001, Sector 49, gurgaon",AP,Quiet neighborhood with excellent connectivity.,2,munciple,yes,no,2025-09-02,2025-07-21,18.4793,73.8098
-1,Bike and Car,FALSE,1807,158789,READY,3,3 BHK Flat In Godrej Aristocrat  For Sale  In Sector 49,Saket,FALSE,Godrej Aristocrat,34,North,FULLY_FURNISHED,"{""LIFT"":true,""GYM"":true,""INTERNET"":false,""AC"":false,""CLUB"":false,""INTERCOM"":false,""POOL"":false,""CPA"":false,""FS"":false,""SERVANT"":false,""SECURITY"":true,""SC"":false,""GP"":false,""PARK"":false,""RWH"":false,""STP"":false,""HK"":false,""PB"":false,""VP"":false}",79394.88,3 BHK,Delhi,saurabh,BUY,SECURITY_ONLY,,17,https://assets.nobroker.in/images/8a9f88838eb1cb58018eb1f6847e1833/8a9f88838eb1cb58018eb1f6847e1833_88410_145846_medium.jpg,"Godrej Aristocrat , Sector 49, gurgaon",AP,Quiet neighborhood with excellent connectivity.,1,both,no,yes,2025-07-27,2025-07-30,28.5244,77.2066
0,Bike and Car,FALSE,2000,123301,READY,3,3 BHK Flat In Godrej Aristocrat  For Sale  In Sector 49,Nehru Place,FALSE,Godrej Aristocrat,35,East,NOT_FURNISHED,"{""LIFT"":false,""GYM"":true,""INTERNET"":false,""AC"":false,""CLUB"":false,""INTERCOM"":false,""POOL"":false,""CPA"":false,""FS"":false,""SERVANT"":false,""SECURITY"":false,""SC"":false,""GP"":false,""PARK"":false,""RWH"":false,""STP"":false,""HK"":false,""PB"":false,""VP"":false}",61650.84,3 BHK,Delhi,Sachin Mangla,SALE,NO_SECURITY,I will show,12,https://assets.nobroker.in/images/8a9f9b84979b99fe01979bd6bd7e1a3c/8a9f9b84979b99fe01979bd6bd7e1a3c_project_273749_medium.jpg,"Godrej Aristocrat , Sector 49, gurgaon",AP,Spacious and well-ventilated flat with natural lighting.,2,bore,yes,yes,2025-09-06,2025-08-19,28.5495,77.2482
5,Bike and Car,FALSE,1326,67589,READY,2,3 BHK Flat In Tulip White Apartments For Sale  In Sector 69,Green Park,TRUE,"Main Branch Rd, Sector 69, Gurugram, Haryana 122101",10,East,SEMI_FURNISHED,"{""LIFT"":true,""GYM"":false,""INTERNET"":true,""AC"":false,""CLUB"":false,""INTERCOM"":true,""POOL"":true,""CPA"":true,""FS"":true,""SERVANT"":false,""SECURITY"":true,""SC"":false,""GP"":false,""PARK"":true,""RWH"":false,""STP"":true,""HK"":false,""PB"":false,""VP"":false}",33794.83,3 BHK,Delhi,Raj,SALE,SECURITY_ONLY,Tenants,3,https://assets.nobroker.in/images/8a9fa484947eafb401947eb656d30171/8a9fa484947eafb401947eb656d30171_1331_234850_medium.jpg,"Main Branch Rd, Sector 69, Gurugram, Haryana 122101, Sector 69, gurgaon",AP,Modern interiors and recently renovated kitchen.,2,bore,no,no,2025-07-22,2025-09-11,28.5594,77.2069
5,Bike and Car,FALSE,1326,67589,READY,2,3 BHK Flat In Tulip White Apartments For Sale  In Sector 69,Rajouri Garden,TRUE,"Main Branch Rd, Sector 69, Gurugram, Haryana 122101",10,East,SEMI_FURNISHED,"{""LIFT"":true,""GYM"":false,""INTERNET"":true,""AC"":false,""CLUB"":false,""INTERCOM"":true,""POOL"":true,""CPA"":true,""FS"":true,""SERVANT"":false,""SECURITY"":true,""SC"":false,""GP"":false,""PARK"":true,""RWH"":false,""STP"":true,""HK"":false,""PB"":false,""VP"":false}",33794.83,3 BHK,Delhi,Raj,SALE,NO_SECURITY,Tenants,3,https://assets.nobroker.in/images/8a9fa484947eafb401947eb656d30171/8a9fa484947eafb401947eb656d30171_1331_234850_medium.jpg,"Main Branch Rd, Sector 69, Gurugram, Haryana 122101, Sector 69, gurgaon",AP,Modern interiors and recently renovated kitchen.,0,munciple,no,no,2025-08-24,2025-09-05,28.6459,77.122
10,Bike and Car,FALSE,5200,241543,READY,5,4+ BHK House For Sale  In Sector 48,Tilak Nagar,FALSE,Block Y Vipul Tatvam Villas,1,North,SEMI_FURNISHED,"{""LIFT"":false,""GYM"":false,""INTERNET"":false,""AC"":false,""CLUB"":false,""INTERCOM"":false,""POOL"":false,""CPA"":false,""FS"":false,""SERVANT"":false,""SECURITY"":false,""SC"":false,""GP"":false,""PARK"":false,""RWH"":false,""STP"":false,""HK"":false,""PB"":false,""VP"":false}",120771.52,4+ BHK,Delhi,Deepak Arora,BUY,SECURITY_ONLY,,0,https://assets.nobroker.in/images/8a9f8cc38ff0a7c5018ff10f75ce21c2/8a9f8cc38ff0a7c5018ff10f75ce21c2_43645_844299_medium.jpg,"Independent House, Block Y Vipul Tatvam Villas , Sector 48, gurgaon",IH,Modern interiors and recently renovated kitchen.,2,both,yes,no,2025-07-27,2025-08-09,29.6895,
