Bangalore,Koramangala,5th Block,12.9352,77.6245,Apartment,Tech Residency,2,8,16,4,East,1250.5,Family,45000,4500000,5800,Family,false,2024-08-15,Semi-Furnished,2-Wheeler,Available,0,false,Modern 2BHK apartment in IT hub with excellent connectivity and amenities.,2,2,Corporation,true,false,true,true,Morning 10-6,Good,9876543210,Koramangala Metro,true,true,false,true,false,true,true,false,false,true,https://images.unsplash.com/photo-1600596542815-ffad4c1539a9,Rajesh Kumar,rajesh.kumar@email.com,9876543210,Owner,true
Mumbai,Andheri East,Chakala,19.1136,72.8697,Apartment,Skyline Towers,3,12,24,6,North,1850.75,Family,65000,6500000,8500,Family,false,2024-07-20,Fully-Furnished,4-Wheeler,Available,0,false,Premium 3BHK apartment near airport with luxury amenities and city views.,3,2,24 Hours,true,true,true,true,Morning 9-7,Excellent,8765432109,Andheri Metro,true,true,true,true,true,true,true,false,true,true,https://images.unsplash.com/photo-1582268611958-ebfd161ef9cf,Priya Sharma,priya.sharma@email.com,8765432109,Owner,true
Hyderabad,Gachibowli,HITEC City,17.4435,78.3772,Apartment,Cyber Residency,2,7,18,3,East,1380.5,Family,42000,4200000,5500,Family,true,2024-08-15,Semi-Furnished,2-Wheeler,Available,0,false,Comfortable 2BHK apartment for rent in HITEC City. Well-connected to IT companies with modern amenities and security.,2,2,Corporation,true,false,true,true,Morning 10-6,Good,4321098765,HITEC City Metro,true,true,false,true,false,true,true,false,false,true,https://images.unsplash.com/photo-1600596542815-ffad4c1539a9,Srinivas Rao,srinivas.rao@email.com,4321098765,Owner,false
Pune,Baner,Pashan Road,18.5596,73.7821,Apartment,IT Park Residency,1,5,12,2,South,780.25,Bachelor,28000,2800000,3600,Bachelor,false,2024-09-05,Furnished,2-Wheeler,Available,0,false,Compact 1BHK perfect for IT professionals with modern amenities and good connectivity.,1,1,Corporation,false,true,false,true,Evening 5-8,New,7654321087,Baner Metro,true,true,true,false,false,true,true,false,false,true,https://images.unsplash.com/photo-1560448204-e02f11c3d0e2,Amit Patil,amit.patil@email.com,7654321087,Owner,true
Delhi,Gurgaon,DLF Phase 3,28.4595,77.0266,Apartment,Corporate Heights,4,15,30,8,West,2650.0,Family,95000,9500000,12500,Family,false,2024-07-25,Semi-Furnished,4-Wheeler,Available,0,false,Luxurious 4BHK apartment in prime Gurgaon location with premium amenities and services.,4,3,24 Hours,true,true,true,true,Anytime,Excellent,6543210976,DLF Phase 3,true,true,true,true,true,true,true,true,true,true,https://images.unsplash.com/photo-1564013799919-ab600027ffc6,Arjun Singh,arjun.singh@email.com,6543210976,Owner,true
Chennai,Anna Nagar,West Extension,13.0827,80.2707,Apartment,Metro View,2,9,18,5,North,1450.75,Family,48000,4800000,6200,Family,false,2024-08-12,Fully-Furnished,2-Wheeler,Available,0,false,Well-appointed 2BHK apartment with metro connectivity and family-friendly amenities.,2,2,Corporation,false,false,true,true,Morning 10-6,Good,5432109865,Anna Nagar Metro,true,true,false,true,false,true,false,false,false,true,https://images.unsplash.com/photo-1567496898669-ee935f5317a1,Deepa Krishnan,deepa.krishnan@email.com,5432109865,Owner,false
Bangalore,Whitefield,EPIP Zone,12.9698,77.7500,Apartment,Tech Valley,3,11,22,7,East,1980.5,Family,58000,5800000,7500,Family,true,2024-09-02,Semi-Furnished,4-Wheeler,Available,0,false,Spacious 3BHK apartment in IT corridor with modern amenities and excellent connectivity.,3,2,Municipality,true,false,true,true,Morning 9-7,Very Good,9876501234,Whitefield Metro,true,false,false,true,false,true,true,false,false,true,https://images.unsplash.com/photo-1582268611958-ebfd161ef9cf,Suresh Nair,suresh.nair@email.com,9876501234,Owner,false
Mumbai,Powai,Hiranandani,19.1197,72.9089,Apartment,Lake View Towers,2,14,28,9,South,1680.25,Family,55000,5500000,7200,Family,false,2024-08-28,Furnished,4-Wheeler,Available,0,false,Premium 2BHK with lake views and world-class amenities in upscale Powai location.,2,2,24 Hours,true,true,true,true,Evening 4-8,Excellent,8765012345,Powai Metro,true,true,true,true,false,true,true,false,true,true,https://images.unsplash.com/photo-1582268611958-ebfd161ef9cf,Rahul Mehta,rahul.mehta@email.com,8765012345,Owner,true
Hyderabad,Madhapur,Cyber Gateway,17.4483,78.3915,Apartment,IT Plaza,1,4,12,2,North,750.25,Bachelor,25000,2500000,3200,Bachelor,true,2024-09-05,Fully-Furnished,2-Wheeler,Available,0,false,Modern 1BHK rental apartment perfect for IT professionals. Walking distance to major tech parks with all amenities included.,1,1,24 Hours,false,true,false,true,Evening 5-8,New,9876543201,Cyber Gateway,true,true,true,false,false,true,true,false,false,true,https://images.unsplash.com/photo-1560448204-e02f11c3d0e2,Rajesh Kumar,rajesh.kumar@email.com,9876543201,Owner,true
Pune,Hinjewadi,Phase 2,18.5913,73.7398,Apartment,Infinity Towers,3,8,16,4,West,1750.5,Family,52000,5200000,6800,Family,false,2024-07-18,Semi-Furnished,4-Wheeler,Available,0,false,Modern 3BHK apartment in IT hub with excellent amenities and connectivity to tech parks.,3,2,Corporation,true,true,true,true,Morning 10-7,Good,7654320198,Hinjewadi Metro,true,true,false,true,true,true,true,false,false,true,https://images.unsplash.com/photo-1564013799919-ab600027ffc6,Vikram Joshi,vikram.joshi@email.com,7654320198,Owner,false
Delhi,Noida,Sector 62,28.6139,77.3648,Apartment,Corporate Square,2,13,26,6,East,1580.0,Family,46000,4600000,6000,Family,true,2024-08-30,Furnished,2-Wheeler,Available,0,false,Well-designed 2BHK apartment in corporate district with modern amenities and good connectivity.,2,2,24 Hours,false,true,true,true,Evening 5-7,New,6543201087,Sector 62 Metro,true,true,true,false,false,true,true,false,false,true,https://images.unsplash.com/photo-1600596542815-ffad4c1539a9,Mohan Sharma,mohan.sharma@email.com,6543201087,Owner,false
Chennai,OMR,Sholinganallur,12.9010,80.2279,Apartment,IT Corridor,1,6,15,3,South,850.75,Bachelor,32000,3200000,4100,Bachelor,false,2024-09-12,Fully-Furnished,2-Wheeler,Available,0,false,Modern 1BHK apartment in IT corridor with all amenities and excellent connectivity to tech companies.,1,1,Corporation,true,true,true,true,Morning 8-7,Good,5432098765,Sholinganallur Metro,true,true,true,true,false,true,true,false,false,true,https://images.unsplash.com/photo-1560448204-e02f11c3d0e2,Neha Rajan,neha.rajan@email.com,5432098765,Owner,true
Bangalore,HSR Layout,Sector 1,12.9116,77.6412,Apartment,Garden City,2,7,14,5,North,1350.25,Family,42000,4200000,5500,Family,true,2024-08-08,Semi-Furnished,2-Wheeler,Available,0,false,Peaceful 2BHK apartment in family-friendly HSR Layout with parks and amenities nearby.,2,2,Corporation,false,false,true,true,Morning 10-6,Good,4321087654,HSR Layout Metro,true,false,false,true,false,true,false,false,false,true,https://images.unsplash.com/photo-1567496898669-ee935f5317a1,Latha Krishnan,latha.krishnan@email.com,4321087654,Owner,false
Mumbai,Bandra West,Linking Road,19.0596,72.8295,Apartment,Suburban Dreams,3,16,32,12,West,2250.5,Family,75000,7500000,9800,Family,false,2024-07-12,Fully-Furnished,4-Wheeler,Available,0,false,Luxury 3BHK apartment in trendy Bandra with upscale amenities and vibrant neighborhood.,3,2,24 Hours,true,true,true,true,Morning 9-8,Excellent,3210876543,Bandra Metro,true,true,true,true,true,true,true,true,true,true,https://images.unsplash.com/photo-1564013799919-ab600027ffc6,Ravi Shetty,ravi.shetty@email.com,3210876543,Owner,true
Hyderabad,Banjara Hills,Road No 12,17.4126,78.4486,Apartment,Premium Heights,3,12,25,8,West,1950.75,Family,65000,6500000,8500,Family,false,2024-07-20,Semi-Furnished,4-Wheeler,Available,0,false,Luxurious 3BHK rental apartment in prestigious Banjara Hills. Premium location with swimming pool and gym facilities.,3,2,24 Hours,true,true,true,true,Morning 9-7,Excellent,8765432102,Road No 12,true,true,true,true,true,true,true,false,true,true,https://images.unsplash.com/photo-1582268611958-ebfd161ef9cf,Priya Sharma,priya.sharma@email.com,8765432102,Owner,false
Pune,Kharadi,EON IT Park,18.5516,73.9474,Apartment,Tech Haven,1,5,12,2,East,680.5,Bachelor,24000,2400000,3100,Bachelor,true,2024-09-15,Furnished,2-Wheeler,Available,0,false,Compact 1BHK perfect for young professionals with modern amenities and IT park proximity.,1,1,Municipality,false,true,false,true,Evening 6-9,New,2109765432,Kharadi Metro,true,false,true,false,false,true,false,false,false,false,https://images.unsplash.com/photo-1560448204-e02f11c3d0e2,Rohit Agarwal,rohit.agarwal@email.com,2109765432,Owner,false
Delhi,Dwarka,Sector 21,28.5921,77.0460,Apartment,Metro Connect,2,10,20,7,South,1480.25,Family,44000,4400000,5700,Family,false,2024-08-22,Semi-Furnished,2-Wheeler,Available,0,false,Well-connected 2BHK apartment with metro access and family-friendly amenities in Dwarka.,2,2,Corporation,false,false,true,true,Morning 9-6,Good,1098654321,Dwarka Metro,true,true,false,false,false,true,true,false,false,true,https://images.unsplash.com/photo-1567496898669-ee935f5317a1,Sunita Gupta,sunita.gupta@email.com,1098654321,Owner,true
Chennai,Velachery,Vijayanagar,12.9753,80.2201,Apartment,Metro Heights,3,9,18,6,West,1680.0,Family,50000,5000000,6500,Family,true,2024-08-05,Furnished,4-Wheeler,Available,0,false,Spacious 3BHK apartment with metro connectivity and modern amenities in developing area.,3,2,24 Hours,true,false,true,true,Morning 10-8,Very Good,9087654321,Velachery Metro,true,true,true,true,false,true,true,false,true,true,https://images.unsplash.com/photo-1582268611958-ebfd161ef9cf,Arvind Nair,arvind.nair@email.com,9087654321,Owner,false
Bangalore,Electronic City,Phase 1,12.8456,77.6603,Apartment,Silicon Valley,2,8,16,4,North,1280.75,Family,38000,3800000,4900,Family,false,2024-09-18,Semi-Furnished,2-Wheeler,Available,0,false,Modern 2BHK apartment in IT hub with excellent connectivity and professional amenities.,2,2,Corporation,true,false,true,true,Morning 10-6,Good,8076543210,Electronic City Metro,true,false,false,true,false,true,false,false,false,false,https://images.unsplash.com/photo-1567496898669-ee935f5317a1,Fatima Khan,fatima.khan@email.com,8076543210,Owner,true
Mumbai,Thane West,Ghodbunder Road,19.2183,72.9781,Apartment,Suburban Paradise,3,11,22,8,East,1850.25,Family,58000,5800000,7500,Family,true,2024-07-28,Fully-Furnished,4-Wheeler,Available,0,false,Premium 3BHK apartment in growing Thane with excellent amenities and connectivity to Mumbai.,3,2,Municipality,true,true,true,true,Evening 4-8,Very Good,7065432109,Thane Metro,false,true,false,true,true,false,true,false,false,true,https://images.unsplash.com/photo-1564013799919-ab600027ffc6,Pradeep Nair,pradeep.nair@email.com,7065432109,Owner,false
Hyderabad,Kondapur,Botanical Garden,17.4615,78.3820,Apartment,Garden View Apartments,2,6,14,4,South,1150.5,Family,35000,3500000,4500,Family,true,2024-08-25,Furnished,2-Wheeler,Available,0,false,Spacious 2BHK rental with garden views near Botanical Garden. Family-friendly environment with schools nearby.,2,1,Municipality,false,false,true,false,Morning 10-5,Good,7654321103,Botanical Garden,true,false,false,false,false,true,false,false,false,false,https://images.unsplash.com/photo-1567496898669-ee935f5317a1,Vikram Reddy,vikram.reddy@email.com,7654321103,Owner,true
Pune,Wakad,Hinjewadi Road,18.5972,73.7797,Apartment,Tech Plaza,1,7,16,3,West,750.0,Bachelor,26000,2600000,3400,Bachelor,false,2024-09-08,Fully-Furnished,2-Wheeler,Available,0,false,Modern 1BHK apartment perfect for IT professionals with all amenities and tech park connectivity.,1,1,24 Hours,false,true,true,true,Evening 5-8,New,6054321098,Wakad Metro,true,true,true,false,false,true,true,false,false,true,https://images.unsplash.com/photo-1560448204-e02f11c3d0e2,Neha Desai,neha.desai@email.com,6054321098,Owner,true
Delhi,Vasant Kunj,Sector A,28.5245,77.1595,Apartment,Green Acres,2,12,24,9,East,1680.5,Family,52000,5200000,6800,Family,true,2024-08-18,Semi-Furnished,4-Wheeler,Available,0,false,Peaceful 2BHK apartment in green Vasant Kunj with premium amenities and serene environment.,2,2,Corporation,true,false,true,true,Morning 9-7,Good,5043210987,Vasant Kunj Metro,true,true,false,true,true,true,true,false,false,true,https://images.unsplash.com/photo-1600596542815-ffad4c1539a9,Suresh Patel,suresh.patel@email.com,5043210987,Owner,false
Chennai,Adyar,Besant Nagar,13.0067,80.2667,Apartment,Beach View,3,14,28,10,South,2180.75,Family,68000,6800000,8800,Family,false,2024-07-15,Furnished,4-Wheeler,Available,0,false,Luxury 3BHK apartment near beach with premium amenities and excellent connectivity.,3,2,24 Hours,true,true,true,true,Anytime,Excellent,4032109876,Adyar Metro,true,true,true,true,true,true,true,true,true,true,https://images.unsplash.com/photo-1582268611958-ebfd161ef9cf,Meera Singh,meera.singh@email.com,4032109876,Owner,true
Bangalore,Indiranagar,100 Feet Road,12.9716,77.6412,Apartment,Urban Living,2,15,30,12,North,1780.25,Bachelor,62000,6200000,8100,Bachelor,true,2024-08-02,Fully-Furnished,2-Wheeler,Available,0,false,Premium 2BHK apartment in vibrant Indiranagar with trendy cafes and nightlife nearby.,2,2,Corporation,true,true,true,true,Evening 6-10,Excellent,3021098765,Indiranagar Metro,true,true,true,true,true,true,true,false,true,true,https://images.unsplash.com/photo-1564013799919-ab600027ffc6,Kiran Joshi,kiran.joshi@email.com,3021098765,Owner,false
Mumbai,Malad West,Infinity Mall,19.1864,72.8426,Apartment,Mall View Residency,1,8,18,5,West,980.5,Bachelor,35000,3500000,4500,Bachelor,false,2024-09-12,Semi-Furnished,2-Wheeler,Available,0,false,Convenient 1BHK apartment near shopping mall with modern amenities and good connectivity.,1,1,Municipality,false,true,false,true,Morning 10-7,Good,2010987654,Malad Metro,true,false,false,false,false,true,false,false,false,false,https://images.unsplash.com/photo-1567496898669-ee935f5317a1,Naveen Gupta,naveen.gupta@email.com,2010987654,Owner,true
Hyderabad,Jubilee Hills,Film Nagar,17.4321,78.4075,Apartment,Celebrity Apartments,4,16,32,6,East,2650.25,Family,95000,9500000,12500,Family,true,2024-08-10,Fully-Furnished,4-Wheeler,Available,0,false,Ultra-luxury 4BHK rental apartment in celebrity area. Premium amenities with home theater and concierge services.,4,3,Corporation,true,true,true,true,Anytime,Excellent,6543210104,Film Nagar,true,true,true,true,true,true,true,true,true,true,https://images.unsplash.com/photo-1564013799919-ab600027ffc6,Arjun Kapoor,arjun.kapoor@email.com,6543210104,Owner,false
Pune,Aundh,IT Park Road,18.5642,73.8077,Apartment,Aundh Heights,2,9,18,6,South,1380.0,Family,41000,4100000,5300,Family,true,2024-08-28,Furnished,2-Wheeler,Available,0,false,Well-designed 2BHK apartment in prime Aundh location with modern amenities and connectivity.,2,2,24 Hours,true,false,true,true,Evening 4-7,Very Good,1009876543,Aundh Metro,true,true,false,true,false,true,true,false,false,true,https://images.unsplash.com/photo-1582268611958-ebfd161ef9cf,Rohit Kulkarni,rohit.kulkarni@email.com,1009876543,Owner,false
Delhi,Janakpuri,District Centre,28.6219,77.0855,Apartment,Central Plaza,3,10,20,8,West,1980.75,Family,58000,5800000,7500,Family,false,2024-07-25,Semi-Furnished,4-Wheeler,Available,0,false,Spacious 3BHK apartment in central Janakpuri with metro connectivity and family amenities.,3,2,Corporation,false,false,true,true,Morning 9-6,Good,9098765432,Janakpuri Metro,true,true,false,false,false,true,true,false,false,true,https://images.unsplash.com/photo-1567496898669-ee935f5317a1,Latha Kumar,latha.kumar@email.com,9098765432,Owner,true
Chennai,Tambaram,West,12.9249,80.1467,Apartment,Suburban Connect,1,5,12,3,North,780.25,Bachelor,28000,2800000,3600,Bachelor,true,2024-09-20,Fully-Furnished,2-Wheeler,Available,0,false,Affordable 1BHK apartment with good connectivity to city center and IT corridor via rail.,1,1,Municipality,false,true,false,true,Evening 6-9,New,8087654321,Tambaram Metro,true,false,true,false,false,true,false,false,false,false,https://images.unsplash.com/photo-1560448204-e02f11c3d0e2,Sunitha Raman,sunitha.raman@email.com,8087654321,Owner,false
Bangalore,JP Nagar,7th Phase,12.8918,77.5834,Apartment,Phase 7 Residency,3,6,12,4,East,1650.5,Family,48000,4800000,6200,Family,false,2024-08-14,Semi-Furnished,4-Wheeler,Available,0,false,Family-friendly 3BHK apartment in established JP Nagar with parks and schools nearby.,3,2,Corporation,true,false,true,true,Morning 10-6,Good,7076543210,JP Nagar Metro,false,true,false,false,true,false,true,false,false,true,https://images.unsplash.com/photo-1582268611958-ebfd161ef9cf,Mohan Kumar,mohan.kumar@email.com,7076543210,Owner,true
Mumbai,Goregaon East,Oberoi Mall,19.1653,72.8526,Apartment,Oberoi Residency,2,11,22,7,South,1580.25,Family,48000,4800000,6200,Family,true,2024-09-01,Furnished,2-Wheeler,Available,0,false,Modern 2BHK apartment near popular mall with excellent amenities and connectivity.,2,2,24 Hours,true,true,true,true,Evening 5-8,Very Good,6065432109,Goregaon Metro,true,true,true,true,false,true,true,false,true,true,https://images.unsplash.com/photo-1600596542815-ffad4c1539a9,Neha Patel,neha.patel@email.com,6065432109,Owner,false
Hyderabad,Kukatpally,KPHB Colony,17.4851,78.4077,Apartment,KPHB Residency,2,8,16,5,North,1250.75,Family,38000,3800000,4800,Family,true,2024-09-12,Semi-Furnished,2-Wheeler,Available,0,false,Well-maintained 2BHK rental apartment in KPHB. Good connectivity with family-friendly neighborhood amenities.,2,2,Corporation,false,false,true,true,Morning 10-6,Good,5432109105,KPHB Colony,true,false,false,true,false,true,false,false,false,false,https://images.unsplash.com/photo-1600596542815-ffad4c1539a9,Deepa Nair,deepa.nair@email.com,5432109105,Owner,true
Pune,Magarpatta,Cybercity,18.5196,73.9350,Apartment,Cyber Heights,1,12,25,8,West,1080.5,Bachelor,38000,3800000,4900,Bachelor,false,2024-07-30,Fully-Furnished,2-Wheeler,Available,0,false,High-rise 1BHK apartment in IT city with premium amenities and tech park connectivity.,1,1,24 Hours,true,true,true,true,Morning 8-8,Excellent,5054321098,Magarpatta Metro,true,true,true,true,true,true,true,false,true,true,https://images.unsplash.com/photo-1560448204-e02f11c3d0e2,Pradeep Shah,pradeep.shah@email.com,5054321098,Owner,true
Delhi,Karol Bagh,Ajmal Khan Road,28.6519,77.1909,Apartment,Central Market,2,7,14,9,East,1350.25,Family,42000,4200000,5500,Family,true,2024-08-16,Semi-Furnished,2-Wheeler,Available,0,false,Traditional 2BHK apartment in commercial hub with market proximity and metro access.,2,1,Corporation,false,false,true,false,Morning 10-6,Good,4043210987,Karol Bagh Metro,true,true,false,false,false,true,true,false,false,true,https://images.unsplash.com/photo-1567496898669-ee935f5317a1,Rajesh Agarwal,rajesh.agarwal@email.com,4043210987,Owner,false
Chennai,T Nagar,Pondy Bazaar,13.0418,80.2341,Apartment,Shopping District,3,8,16,11,North,1780.0,Family,58000,5800000,7500,Family,false,2024-09-05,Furnished,4-Wheeler,Available,0,false,Premium 3BHK apartment in famous shopping district with excellent connectivity and amenities.,3,2,Corporation,true,true,true,true,Morning 9-8,Very Good,3032109876,T Nagar Metro,true,true,true,true,true,true,true,false,true,true,https://images.unsplash.com/photo-1582268611958-ebfd161ef9cf,Kavitha Suresh,kavitha.suresh@email.com,3032109876,Owner,true
Bangalore,Marathahalli,Outer Ring Road,12.9591,77.6974,Apartment,Ring Road Residency,2,13,26,6,South,1480.75,Family,45000,4500000,5800,Family,true,2024-08-22,Semi-Furnished,4-Wheeler,Available,0,false,Strategic 2BHK apartment on ORR with excellent connectivity to IT parks and city.,2,2,Municipality,true,false,true,true,Evening 5-7,Good,2021098765,Marathahalli Metro,true,false,false,true,false,true,true,false,false,true,https://images.unsplash.com/photo-1600596542815-ffad4c1539a9,Srinivas Reddy,srinivas.reddy@email.com,2021098765,Owner,false
Mumbai,Kandivali West,Thakur Complex,19.2095,72.8526,Apartment,Thakur Towers,3,9,18,5,West,1850.5,Family,55000,5500000,7200,Family,false,2024-07-18,Fully-Furnished,4-Wheeler,Available,0,false,Modern 3BHK apartment in popular complex with clubhouse and recreational facilities.,3,2,24 Hours,true,true,true,true,Anytime,Excellent,1010987654,Kandivali Metro,true,true,true,true,true,true,true,true,true,true,https://images.unsplash.com/photo-1564013799919-ab600027ffc6,Amit Thakur,amit.thakur@email.com,1010987654,Owner,true
Hyderabad,Miyapur,Bachupally,17.5037,78.3881,Apartment,Suburban Heights,3,5,12,3,West,1650.5,Family,48000,4800000,6200,Family,true,2024-08-18,Furnished,4-Wheeler,Available,0,false,Comfortable 3BHK rental apartment in peaceful Miyapur area. Perfect for families seeking tranquil suburban living.,3,2,Borewell,true,false,true,true,Evening 4-7,Very Good,4321098106,Bachupally,false,true,false,false,true,false,true,false,false,true,https://images.unsplash.com/photo-1582268611958-ebfd161ef9cf,Suresh Patel,suresh.patel@email.com,4321098106,Owner,false
Pune,Viman Nagar,Airport Road,18.5679,73.9143,Apartment,Airport Residency,1,10,22,7,North,950.25,Bachelor,32000,3200000,4100,Bachelor,true,2024-09-08,Furnished,2-Wheeler,Available,0,false,Convenient 1BHK apartment near airport with modern amenities and excellent connectivity.,1,1,24 Hours,false,true,true,true,Morning 6-9,Good,9009876543,Viman Nagar Metro,true,true,true,false,false,true,true,false,false,true,https://images.unsplash.com/photo-1560448204-e02f11c3d0e2,Priya Joshi,priya.joshi@email.com,9009876543,Owner,false
Delhi,Rohini,Sector 18,28.7041,77.1025,Apartment,Sector 18 Heights,2,6,14,4,East,1380.0,Family,40000,4000000,5200,Family,false,2024-08-25,Semi-Furnished,2-Wheeler,Available,0,false,Affordable 2BHK apartment in developing Rohini with metro connectivity and family amenities.,2,2,Corporation,false,false,true,true,Morning 10-6,Good,8098765432,Rohini Metro,true,false,false,true,false,true,false,false,false,true,https://images.unsplash.com/photo-1567496898669-ee935f5317a1,Deepak Sharma,deepak.sharma@email.com,8098765432,Owner,true
Chennai,Porur,Kundrathur Road,13.0382,80.1564,Apartment,West Chennai,3,7,14,5,South,1680.75,Family,52000,5200000,6800,Family,true,2024-07-22,Furnished,4-Wheeler,Available,0,false,Spacious 3BHK apartment in growing western suburb with good connectivity and amenities.,3,2,Municipality,true,false,true,true,Evening 5-8,Very Good,7087654321,Porur Metro,false,true,false,true,true,false,true,false,false,true,https://images.unsplash.com/photo-1582268611958-ebfd161ef9cf,Ramesh Kumar,ramesh.kumar@email.com,7087654321,Owner,false
Bangalore,Bellandur,Outer Ring Road,12.9256,77.6747,Apartment,Lake View Apartments,2,14,28,9,West,1780.5,Family,58000,5800000,7500,Family,false,2024-09-15,Fully-Furnished,4-Wheeler,Available,0,false,Premium 2BHK apartment with lake views and luxury amenities in IT corridor.,2,2,24 Hours,true,true,true,true,Evening 6-9,Excellent,6076543210,Bellandur Metro,true,true,true,true,true,true,true,false,true,true,https://images.unsplash.com/photo-1582268611958-ebfd161ef9cf,Naveen Singh,naveen.singh@email.com,6076543210,Owner,true
Mumbai,Versova,Yari Road,19.1317,72.8094,Apartment,Coastal Living,1,11,24,8,North,1180.25,Bachelor,42000,4200000,5500,Bachelor,true,2024-08-12,Semi-Furnished,2-Wheeler,Available,0,false,Trendy 1BHK apartment near beach with modern amenities and vibrant neighborhood.,1,1,Corporation,true,true,false,true,Evening 7-10,Good,5065432109,Versova Metro,true,true,false,true,false,true,true,false,false,true,https://images.unsplash.com/photo-1560448204-e02f11c3d0e2,Kavya Nair,kavya.nair@email.com,5065432109,Owner,false
Hyderabad,Secunderabad,Paradise Circle,17.4399,78.4983,Apartment,Paradise Rental,2,9,18,7,South,1180.25,Family,40000,4000000,5000,Family,false,2024-07-30,Semi-Furnished,2-Wheeler,Available,0,false,Central 2BHK rental apartment in Secunderabad. Excellent connectivity to railway station and commercial areas.,2,1,24 Hours,true,false,true,false,Morning 9-5,Good,3210987107,Paradise Circle,true,true,false,false,false,true,true,false,false,true,https://images.unsplash.com/photo-1567496898669-ee935f5317a1,Meera Singh,meera.singh@email.com,3210987107,Owner,true
Pune,Kalyani Nagar,Nagar Road,18.5482,73.9063,Apartment,Elite Residency,4,12,24,6,East,2450.0,Family,82000,8200000,10800,Family,true,2024-08-05,Fully-Furnished,4-Wheeler,Available,0,false,Luxury 4BHK apartment in upscale Kalyani Nagar with premium amenities and services.,4,3,24 Hours,true,true,true,true,Anytime,Excellent,4054321098,Kalyani Nagar Metro,true,true,true,true,true,true,true,true,true,true,https://images.unsplash.com/photo-1564013799919-ab600027ffc6,Arjun Patil,arjun.patil@email.com,4054321098,Owner,false
Delhi,Lajpat Nagar,Central Market,28.5677,77.2431,Apartment,Market Square,2,8,16,10,South,1450.75,Family,45000,4500000,5800,Family,false,2024-09-18,Semi-Furnished,2-Wheeler,Available,0,false,Traditional 2BHK apartment in famous market area with excellent shopping and dining options.,2,2,Corporation,false,false,true,true,Morning 10-7,Good,3043210987,Lajpat Nagar Metro,true,true,false,false,false,true,true,false,false,true,https://images.unsplash.com/photo-1567496898669-ee935f5317a1,Sanjay Gupta,sanjay.gupta@email.com,3043210987,Owner,true
Chennai,Mylapore,Kutchery Road,13.0339,80.2619,Apartment,Heritage Homes,3,6,12,8,West,1580.5,Family,48000,4800000,6200,Family,true,2024-08-28,Furnished,2-Wheeler,Available,0,false,Traditional 3BHK apartment in cultural hub with heritage sites and temples nearby.,3,2,Corporation,false,false,true,false,Morning 9-6,Good,2032109876,Mylapore Metro,false,false,false,true,false,true,false,false,false,false,https://images.unsplash.com/photo-1582268611958-ebfd161ef9cf,Lakshmi Iyer,lakshmi.iyer@email.com,2032109876,Owner,false
Bangalore,Rajajinagar,West of Chord Road,12.9915,77.5594,Apartment,Chord Road Residency,2,7,15,5,North,1350.25,Family,42000,4200000,5500,Family,false,2024-09-10,Semi-Furnished,2-Wheeler,Available,0,false,Well-connected 2BHK apartment with metro access and established neighborhood amenities.,2,2,Corporation,true,false,true,true,Morning 10-6,Good,1021098765,Rajajinagar Metro,true,true,false,true,false,true,false,false,false,true,https://images.unsplash.com/photo-1600596542815-ffad4c1539a9,Suresh Kumar,suresh.kumar@email.com,1021098765,Owner,true
Mumbai,Mulund West,Nahur Station,19.1728,72.9565,Apartment,Station View,1,9,20,6,East,980.75,Bachelor,35000,3500000,4500,Bachelor,true,2024-07-15,Furnished,2-Wheeler,Available,0,false,Convenient 1BHK apartment near railway station with easy access to central Mumbai.,1,1,Municipality,false,true,false,true,Morning 7-10,Good,9010987654,Mulund Metro,true,false,true,false,false,true,false,false,false,false,https://images.unsplash.com/photo-1560448204-e02f11c3d0e2,Rahul Jain,rahul.jain@email.com,9010987654,Owner,false
Hyderabad,Uppal,Ramanthapur,17.4067,78.5698,Apartment,East Gate Rental,3,11,22,9,East,1580.75,Family,45000,4500000,5800,Family,true,2024-09-02,Unfurnished,4-Wheeler,Available,0,false,Spacious 3BHK rental apartment in developing Uppal area. Good investment location with upcoming metro connectivity.,3,2,Municipality,false,false,true,false,Morning 10-7,Good,2109876108,Ramanthapur,true,false,false,false,false,true,false,false,false,false,https://images.unsplash.com/photo-1600596542815-ffad4c1539a9,Kiran Joshi,kiran.joshi@email.com,2109876108,Owner,false
Pune,Dhanori,IT Park,18.6298,73.8990,Apartment,IT Heights,2,8,16,4,West,1280.5,Family,38000,3800000,4900,Family,false,2024-08-20,Semi-Furnished,2-Wheeler,Available,0,false,Modern 2BHK apartment in IT area with good connectivity and professional amenities.,2,2,Corporation,true,false,true,true,Evening 5-8,Good,8009876543,Dhanori Metro,true,false,false,true,false,true,true,false,false,true,https://images.unsplash.com/photo-1567496898669-ee935f5317a1,Pooja Kulkarni,pooja.kulkarni@email.com,8009876543,Owner,true
Delhi,Pitampura,Sector 3,28.6964,77.1314,Apartment,Metro Connect,3,10,20,7,South,1780.25,Family,55000,5500000,7200,Family,true,2024-09-12,Furnished,4-Wheeler,Available,0,false,Spacious 3BHK apartment with metro connectivity and family-friendly amenities in North Delhi.,3,2,24 Hours,false,true,true,true,Morning 9-7,Very Good,7098765432,Pitampura Metro,true,true,true,false,false,true,true,false,false,true,https://images.unsplash.com/photo-1582268611958-ebfd161ef9cf,Vikash Sharma,vikash.sharma@email.com,7098765432,Owner,false
Chennai,Nungambakkam,Sterling Road,13.0732,80.2609,Apartment,Sterling Heights,2,13,26,11,North,1680.0,Bachelor,65000,6500000,8500,Bachelor,false,2024-07-08,Fully-Furnished,4-Wheeler,Available,0,false,Premium 2BHK apartment in upscale area with luxury amenities and central location.,2,2,24 Hours,true,true,true,true,Evening 6-10,Excellent,6087654321,Nungambakkam Metro,true,true,true,true,true,true,true,false,true,true,https://images.unsplash.com/photo-1582268611958-ebfd161ef9cf,Arjun Krishnan,arjun.krishnan@email.com,6087654321,Owner,true
Bangalore,Hebbal,Outer Ring Road,13.0352,77.5971,Apartment,Ring Road Heights,1,12,26,8,West,1080.25,Bachelor,38000,3800000,4900,Bachelor,true,2024-08-18,Furnished,2-Wheeler,Available,0,false,High-rise 1BHK apartment with city views and excellent connectivity to IT parks.,1,1,24 Hours,true,true,true,true,Morning 8-8,Excellent,5076543210,Hebbal Metro,true,true,true,true,true,true,true,false,true,true,https://images.unsplash.com/photo-1560448204-e02f11c3d0e2,Naveen Reddy,naveen.reddy@email.com,5076543210,Owner,false
Mumbai,Chembur,Sion-Panvel Highway,19.0176,72.8998,Apartment,Highway Residency,3,7,14,5,East,1750.5,Family,52000,5200000,6800,Family,false,2024-09-25,Semi-Furnished,4-Wheeler,Available,0,false,Strategic 3BHK apartment with highway access and connectivity to Navi Mumbai.,3,2,Municipality,true,false,true,true,Evening 4-7,Good,4010987654,Chembur Metro,false,true,false,true,true,false,true,false,false,true,https://images.unsplash.com/photo-1582268611958-ebfd161ef9cf,Pradeep Kumar,pradeep.kumar@email.com,4010987654,Owner,true
Hyderabad,Lingampally,Kollur,17.4951,78.2577,Apartment,Eco Residency,2,7,16,4,North,1320.0,Family,38000,3800000,4600,Family,true,2024-09-08,Semi-Furnished,2-Wheeler,Available,0,false,Eco-friendly 2BHK rental apartment with modern amenities. Peaceful location in serene Lingampally area.,2,2,Corporation,true,false,true,true,Evening 5-8,Good,1098765109,Kollur,true,true,false,true,false,true,false,false,false,true,https://images.unsplash.com/photo-1567496898669-ee935f5317a1,Naveen Gupta,naveen.gupta@email.com,1098765109,Owner,true
Pune,Pimpri,PCMC,18.6298,73.8074,Apartment,Industrial Hub,2,5,12,3,South,1180.75,Family,35000,3500000,4500,Family,false,2024-08-15,Unfurnished,2-Wheeler,Available,0,false,Affordable 2BHK apartment in industrial area with good connectivity and basic amenities.,2,1,Municipality,false,false,true,false,Morning 10-5,Good,3009876543,Pimpri Metro,true,false,false,false,false,true,false,false,false,false,https://images.unsplash.com/photo-1567496898669-ee935f5317a1,Rajesh Pawar,rajesh.pawar@email.com,3009876543,Owner,true
Delhi,Mayur Vihar,Phase 1,28.6139,77.2932,Apartment,Yamuna View,3,8,16,6,East,1650.25,Family,48000,4800000,6200,Family,true,2024-09-05,Furnished,4-Wheeler,Available,0,false,Riverside 3BHK apartment with Yamuna views and metro connectivity to central Delhi.,3,2,Corporation,true,true,true,true,Morning 9-7,Very Good,2098765432,Mayur Vihar Metro,true,true,false,true,true,true,true,false,false,true,https://images.unsplash.com/photo-1582268611958-ebfd161ef9cf,Amit Agarwal,amit.agarwal@email.com,2098765432,Owner,false
Chennai,Chrompet,GST Road,12.9516,80.1462,Apartment,GST Heights,1,6,14,4,South,850.5,Bachelor,30000,3000000,3900,Bachelor,false,2024-08-22,Semi-Furnished,2-Wheeler,Available,0,false,Budget-friendly 1BHK apartment with good connectivity to airport and city center.,1,1,Municipality,false,false,false,true,Evening 6-9,New,1087654321,Chrompet Metro,true,false,false,false,false,true,false,false,false,false,https://images.unsplash.com/photo-1560448204-e02f11c3d0e2,Ravi Mohan,ravi.mohan@email.com,1087654321,Owner,true
Bangalore,Jayanagar,4th Block,12.9279,77.5937,Apartment,Heritage Park,2,9,18,12,North,1580.0,Family,52000,5200000,6800,Family,true,2024-07-12,Fully-Furnished,2-Wheeler,Available,0,false,Traditional 2BHK apartment in established area with parks and cultural centers nearby.,2,2,Corporation,false,false,true,true,Morning 10-6,Good,9076543210,Jayanagar Metro,true,false,false,true,false,true,false,false,false,true,https://images.unsplash.com/photo-1567496898669-ee935f5317a1,Lakshmi Devi,lakshmi.devi@email.com,9076543210,Owner,false
Mumbai,Borivali West,National Park,19.2307,72.8567,Apartment,Park View Residency,3,8,16,5,West,1850.25,Family,58000,5800000,7500,Family,false,2024-08-08,Semi-Furnished,4-Wheeler,Available,0,false,Nature-adjacent 3BHK apartment with park views and peaceful environment in suburb.,3,2,24 Hours,true,false,true,true,Evening 5-8,Very Good,8010987654,Borivali Metro,false,true,false,true,true,false,true,false,false,true,https://images.unsplash.com/photo-1582268611958-ebfd161ef9cf,Sanjay Patil,sanjay.patil@email.com,8010987654,Owner,true
Hyderabad,Nizampet,Pragathi Nagar,17.5078,78.3881,Apartment,Pragathi Rental,1,3,8,1,West,680.25,Bachelor,20000,2000000,2500,Bachelor,true,2024-09-15,Fully-Furnished,2-Wheeler,Available,0,false,Compact 1BHK rental apartment perfect for bachelors. All amenities included with good IT hub connectivity.,1,1,Municipality,false,true,false,true,Evening 6-9,New,9876501110,Pragathi Nagar,true,false,true,false,false,true,false,false,false,false,https://images.unsplash.com/photo-1560448204-e02f11c3d0e2,Rohit Agarwal,rohit.agarwal@email.com,9876501110,Owner,false
Pune,Chinchwad,Morya Park,18.6480,73.8037,Apartment,Morya Heights,2,6,14,4,North,1250.5,Family,37000,3700000,4800,Family,false,2024-08-30,Semi-Furnished,2-Wheeler,Available,0,false,Family-oriented 2BHK apartment in PCMC area with parks and schools nearby.,2,2,Corporation,false,false,true,true,Morning 10-6,Good,7009876543,Chinchwad Metro,true,false,false,true,false,true,false,false,false,true,https://images.unsplash.com/photo-1600596542815-ffad4c1539a9,Manish Jain,manish.jain@email.com,7009876543,Owner,true
Delhi,Tilak Nagar,Main Road,28.6414,77.0934,Apartment,Main Road Plaza,3,7,14,8,South,1680.75,Family,50000,5000000,6500,Family,true,2024-09-18,Furnished,4-Wheeler,Available,0,false,Central 3BHK apartment in busy commercial area with excellent connectivity and amenities.,3,2,Corporation,false,false,true,true,Morning 9-7,Good,6098765432,Tilak Nagar Metro,true,true,false,false,false,true,true,false,false,true,https://images.unsplash.com/photo-1582268611958-ebfd161ef9cf,Sunil Kumar,sunil.kumar@email.com,6098765432,Owner,false
Chennai,Perungudi,OMR,12.8969,80.2417,Apartment,OMR Towers,2,11,22,7,West,1480.25,Bachelor,50000,5000000,6500,Bachelor,false,2024-07-25,Fully-Furnished,4-Wheeler,Available,0,false,Premium 2BHK apartment in IT corridor with luxury amenities and tech company proximity.,2,2,24 Hours,true,true,true,true,Evening 6-9,Excellent,5087654321,Perungudi Metro,true,true,true,true,true,true,true,false,true,true,https://images.unsplash.com/photo-1582268611958-ebfd161ef9cf,Karthik Raman,karthik.raman@email.com,5087654321,Owner,true
Bangalore,Malleshwaram,18th Cross,12.9899,77.5703,Apartment,Cross Roads,2,6,12,9,East,1380.5,Family,45000,4500000,5800,Family,true,2024-08-12,Semi-Furnished,2-Wheeler,Available,0,false,Traditional 2BHK apartment in heritage area with cultural significance and metro access.,2,2,Corporation,false,false,true,true,Morning 10-6,Good,4076543210,Malleshwaram Metro,true,true,false,true,false,true,true,false,false,true,https://images.unsplash.com/photo-1567496898669-ee935f5317a1,Geetha Rao,geetha.rao@email.com,4076543210,Owner,false
Mumbai,Dadar East,Shivaji Park,19.0144,72.8481,Apartment,Park Residency,1,10,22,13,North,1180.75,Bachelor,45000,4500000,5800,Bachelor,false,2024-09-08,Furnished,2-Wheeler,Available,0,false,Historic 1BHK apartment near famous park with cultural significance and central location.,1,1,Corporation,true,true,false,true,Evening 7-10,Good,3010987654,Dadar Metro,true,true,false,true,false,true,true,false,false,true,https://images.unsplash.com/photo-1560448204-e02f11c3d0e2,Priyanka Shah,priyanka.shah@email.com,3010987654,Owner,true
Hyderabad,Ameerpet,SR Nagar,17.4399,78.4482,Apartment,Central Rental Plaza,2,5,12,8,East,1050.75,Family,32000,3200000,4000,Family,true,2024-08-22,Semi-Furnished,2-Wheeler,Available,0,false,Well-located 2BHK rental in commercial Ameerpet area. Close to metro station and educational institutions.,2,1,Corporation,false,false,true,true,Morning 9-6,Good,8765012111,SR Nagar Metro,true,true,false,false,false,true,true,false,false,true,https://images.unsplash.com/photo-1567496898669-ee935f5317a1,Latha Krishnan,latha.krishnan@email.com,8765012111,Owner,true
Pune,Hadapsar,Magarpatta Road,18.5089,73.9262,Apartment,Magarpatta Connect,3,9,18,6,West,1750.25,Family,55000,5500000,7200,Family,false,2024-07-30,Furnished,4-Wheeler,Available,0,false,Modern 3BHK apartment with connectivity to IT parks and premium amenities.,3,2,24 Hours,true,true,true,true,Morning 10-8,Very Good,2009876543,Hadapsar Metro,true,true,true,true,false,true,true,false,true,true,https://images.unsplash.com/photo-1582268611958-ebfd161ef9cf,Sandeep Patil,sandeep.patil@email.com,2009876543,Owner,true
Delhi,Connaught Place,Inner Circle,28.6315,77.2167,Apartment,Heritage Circle,2,12,24,15,South,1880.0,Bachelor,78000,7800000,10200,Bachelor,true,2024-08-15,Fully-Furnished,4-Wheeler,Available,0,false,Premium 2BHK apartment in iconic CP with luxury amenities and central Delhi location.,2,2,24 Hours,true,true,true,true,Anytime,Excellent,1098765432,CP Metro,true,true,true,true,true,true,true,true,true,true,https://images.unsplash.com/photo-1564013799919-ab600027ffc6,Rajiv Malhotra,rajiv.malhotra@email.com,1098765432,Owner,false
Chennai,Alwarpet,TTK Road,13.0338,80.2454,Apartment,TTK Residency,3,8,16,10,North,1780.5,Family,62000,6200000,8100,Family,false,2024-09-02,Semi-Furnished,4-Wheeler,Available,0,false,Upscale 3BHK apartment in premium locality with excellent amenities and connectivity.,3,2,Corporation,true,true,true,true,Morning 9-8,Excellent,9087654320,Alwarpet Metro,true,true,true,true,true,true,true,false,true,true,https://images.unsplash.com/photo-1582268611958-ebfd161ef9cf,Suresh Iyer,suresh.iyer@email.com,9087654320,Owner,true
Bangalore,RT Nagar,BEL Road,13.0175,77.5924,Apartment,BEL Residency,1,8,18,6,South,980.25,Bachelor,32000,3200000,4100,Bachelor,true,2024-08-25,Furnished,2-Wheeler,Available,0,false,Convenient 1BHK apartment near BEL with good connectivity and modern amenities.,1,1,Municipality,false,true,false,true,Evening 6-9,Good,8076543209,RT Nagar Metro,true,false,true,false,false,true,false,false,false,false,https://images.unsplash.com/photo-1560448204-e02f11c3d0e2,Rohan Gupta,rohan.gupta@email.com,8076543209,Owner,false
Mumbai,Kurla West,Phoenix Mills,19.0728,72.8826,Apartment,Phoenix Residency,2,15,30,11,East,1680.0,Family,58000,5800000,7500,Family,false,2024-07-18,Fully-Furnished,4-Wheeler,Available,0,false,Premium 2BHK apartment near shopping mall with luxury amenities and central location.,2,2,24 Hours,true,true,true,true,Evening 5-9,Excellent,7010987653,Kurla Metro,true,true,true,true,true,true,true,false,true,true,https://images.unsplash.com/photo-1582268611958-ebfd161ef9cf,Neeta Kapoor,neeta.kapoor@email.com,7010987653,Owner,true
Hyderabad,Manikonda,Nanakramguda,17.4239,78.3615,Apartment,Tech Valley Rental,3,13,26,5,South,1850.5,Family,58000,5800000,7500,Family,false,2024-07-25,Furnished,4-Wheeler,Available,0,false,Premium 3BHK rental apartment in IT corridor. Modern architecture with high-end amenities and tech company proximity.,3,2,24 Hours,true,true,true,true,Morning 10-8,Excellent,7654123112,Nanakramguda,true,true,true,true,true,true,true,false,true,true,https://images.unsplash.com/photo-1582268611958-ebfd161ef9cf,Arvind Sharma,arvind.sharma@email.com,7654123112,Owner,false
Pune,Kothrud,Karve Road,18.5074,73.8077,Apartment,Karve Residency,2,7,15,8,North,1450.75,Family,44000,4400000,5700,Family,true,2024-09-12,Semi-Furnished,2-Wheeler,Available,0,false,Well-established 2BHK apartment in prime Kothrud location with schools and colleges nearby.,2,2,Corporation,false,false,true,true,Morning 10-6,Good,6009876542,Kothrud Metro,true,false,false,true,false,true,false,false,false,true,https://images.unsplash.com/photo-1567496898669-ee935f5317a1,Priya Deshpande,priya.deshpande@email.com,6009876542,Owner,false
Delhi,Preet Vihar,Vikas Marg,28.6414,77.2932,Apartment,Vikas Plaza,3,6,12,7,West,1580.25,Family,46000,4600000,6000,Family,false,2024-08-08,Furnished,4-Wheeler,Available,0,false,Spacious 3BHK apartment with metro connectivity and family amenities in established area.,3,2,Corporation,true,false,true,true,Evening 5-8,Good,5098765431,Preet Vihar Metro,true,true,false,true,false,true,true,false,false,true,https://images.unsplash.com/photo-1582268611958-ebfd161ef9cf,Anjali Sharma,anjali.sharma@email.com,5098765431,Owner,true
Chennai,Guindy,IIT Campus,13.0067,80.2206,Apartment,Campus View,1,9,20,5,East,950.5,Bachelor,36000,3600000,4700,Bachelor,true,2024-09-20,Furnished,2-Wheeler,Available,0,false,Academic 1BHK apartment near IIT campus with modern amenities and educational environment.,1,1,24 Hours,true,true,true,true,Morning 6-9,Good,4087654320,Guindy Metro,true,true,true,true,false,true,true,false,false,true,https://images.unsplash.com/photo-1560448204-e02f11c3d0e2,Ramya Krishna,ramya.krishna@email.com,4087654320,Owner,false
Bangalore,Banashankari,3rd Stage,12.9254,77.5546,Apartment,Stage 3 Residency,2,8,16,9,South,1380.0,Family,42000,4200000,5500,Family,false,2024-08-18,Semi-Furnished,2-Wheeler,Available,0,false,Established 2BHK apartment in residential area with temples and markets nearby.,2,2,Corporation,false,false,true,true,Morning 10-6,Good,3076543208,Banashankari Metro,true,false,false,true,false,true,false,false,false,true,https://images.unsplash.com/photo-1567496898669-ee935f5317a1,Sudha Rao,sudha.rao@email.com,3076543208,Owner,true
Mumbai,Santacruz East,Airport Area,19.0896,72.8656,Apartment,Airport Heights,3,12,24,8,North,1950.25,Family,68000,6800000,8900,Family,true,2024-07-05,Fully-Furnished,4-Wheeler,Available,0,false,Premium 3BHK apartment near airport with luxury amenities and excellent connectivity.,3,2,24 Hours,true,true,true,true,Morning 8-9,Excellent,2010987652,Santacruz Metro,true,true,true,true,true,true,true,false,true,true,https://images.unsplash.com/photo-1564013799919-ab600027ffc6,Vikash Mehta,vikash.mehta@email.com,2010987652,Owner,false
Hyderabad,Begumpet,Somajiguda,17.4435,78.4700,Apartment,Airport View Rental,3,8,18,6,West,1580.25,Family,52000,5200000,6800,Family,true,2024-08-28,Semi-Furnished,4-Wheeler,Available,0,false,Luxury 3BHK rental with airport views. Premium location with easy access to business district and airport.,3,2,Corporation,true,true,true,true,Evening 4-8,Very Good,6543234113,Somajiguda,true,true,true,true,false,true,true,false,true,true,https://images.unsplash.com/photo-1564013799919-ab600027ffc6,Pradeep Nair,pradeep.nair@email.com,6543234113,Owner,true
Pune,Nigdi,Akurdi Road,18.6582,73.7631,Apartment,Akurdi Connect,2,5,12,3,East,1180.5,Family,34000,3400000,4400,Family,false,2024-09-08,Unfurnished,2-Wheeler,Available,0,false,Budget-friendly 2BHK apartment in PCMC area with basic amenities and connectivity.,2,1,Municipality,false,false,true,false,Morning 10-5,Good,1009876541,Nigdi Metro,true,false,false,false,false,true,false,false,false,false,https://images.unsplash.com/photo-1567496898669-ee935f5317a1,Ganesh Patil,ganesh.patil@email.com,1009876541,Owner,true
Delhi,Shahdara,GT Road,28.6692,77.2865,Apartment,GT Residency,1,4,10,5,South,780.25,Bachelor,26000,2600000,3400,Bachelor,true,2024-08-30,Semi-Furnished,2-Wheeler,Available,0,false,Affordable 1BHK apartment with basic amenities and good connectivity to central Delhi.,1,1,Corporation,false,false,false,true,Evening 6-9,New,9098765430,Shahdara Metro,true,false,false,false,false,true,false,false,false,false,https://images.unsplash.com/photo-1560448204-e02f11c3d0e2,Rajesh Singh,rajesh.singh@email.com,9098765430,Owner,false
Chennai,Koyambedu,Bus Terminal,13.0732,80.1963,Apartment,Terminal View,2,6,14,7,West,1280.75,Family,38000,3800000,4900,Family,false,2024-09-15,Semi-Furnished,2-Wheeler,Available,0,false,Strategic 2BHK apartment near major transport hub with good connectivity across city.,2,2,Corporation,false,false,true,true,Morning 10-7,Good,8087654319,Koyambedu Metro,true,true,false,false,false,true,true,false,false,true,https://images.unsplash.com/photo-1567496898669-ee935f5317a1,Deepak Raman,deepak.raman@email.com,8087654319,Owner,true
Bangalore,Yeshwanthpur,Tumkur Road,13.0297,77.5540,Apartment,Tumkur Residency,3,7,14,6,North,1650.0,Family,48000,4800000,6200,Family,true,2024-07-22,Furnished,4-Wheeler,Available,0,false,Well-connected 3BHK apartment with railway station proximity and industrial area access.,3,2,Municipality,true,false,true,true,Evening 5-8,Good,7076543207,Yeshwanthpur Metro,false,true,false,true,true,false,true,false,false,true,https://images.unsplash.com/photo-1582268611958-ebfd161ef9cf,Mohan Reddy,mohan.reddy@email.com,7076543207,Owner,false
Mumbai,Jogeshwari East,Filmcity Road,19.1388,72.8567,Apartment,Filmcity Residency,1,11,24,9,East,1080.25,Bachelor,38000,3800000,4900,Bachelor,false,2024-08-12,Furnished,2-Wheeler,Available,0,false,Entertainment district 1BHK apartment with modern amenities and industry connectivity.,1,1,24 Hours,true,true,false,true,Evening 7-10,Good,6010987651,Jogeshwari Metro,true,true,false,true,false,true,true,false,false,true,https://images.unsplash.com/photo-1560448204-e02f11c3d0e2,Kavita Joshi,kavita.joshi@email.com,6010987651,Owner,true
Hyderabad,LB Nagar,Vanasthalipuram,17.3850,78.5513,Apartment,South Point Rental,2,6,14,5,North,1180.0,Family,30000,3000000,3800,Family,true,2024-09-08,Unfurnished,2-Wheeler,Available,0,false,Affordable 2BHK rental apartment in LB Nagar area. Good connectivity to old city and IT corridor via metro.,2,2,Municipality,false,false,true,false,Morning 10-5,Good,5432345114,Vanasthalipuram,true,false,false,false,false,true,false,false,false,false,https://images.unsplash.com/photo-1567496898669-ee935f5317a1,Sunita Reddy,sunita.reddy@email.com,5432345114,Owner,false
Pune,Warje,Karve Road,18.4816,73.8062,Apartment,Warje Heights,2,8,16,5,West,1350.5,Family,40000,4000000,5200,Family,false,2024-08-20,Semi-Furnished,2-Wheeler,Available,0,false,Peaceful 2BHK apartment in residential area with hills view and family amenities.,2,2,Corporation,true,false,true,true,Morning 10-6,Good,4009876540,Warje Metro,false,true,false,true,false,true,false,false,false,true,https://images.unsplash.com/photo-1600596542815-ffad4c1539a9,Sangeeta Kulkarni,sangeeta.kulkarni@email.com,4009876540,Owner,true
Delhi,Ashok Vihar,Phase 2,28.6964,77.1792,Apartment,Phase 2 Plaza,3,9,18,8,South,1780.0,Family,55000,5500000,7200,Family,true,2024-09-05,Furnished,4-Wheeler,Available,0,false,Spacious 3BHK apartment in established colony with parks and community facilities.,3,2,24 Hours,false,true,true,true,Morning 9-7,Very Good,3098765429,Ashok Vihar Metro,true,true,true,false,false,true,true,false,false,true,https://images.unsplash.com/photo-1582268611958-ebfd161ef9cf,Sunil Gupta,sunil.gupta@email.com,3098765429,Owner,false
Chennai,Thoraipakkam,OMR,12.8969,80.2417,Apartment,OMR Heights,3,10,20,6,North,1850.25,Family,62000,6200000,8100,Family,false,2024-07-15,Fully-Furnished,4-Wheeler,Available,0,false,Premium 3BHK apartment in IT corridor with sea breeze and modern amenities.,3,2,24 Hours,true,true,true,true,Evening 6-9,Excellent,2087654318,Thoraipakkam Metro,true,true,true,true,true,true,true,false,true,true,https://images.unsplash.com/photo-1582268611958-ebfd161ef9cf,Karthik Iyer,karthik.iyer@email.com,2087654318,Owner,true
Bangalore,Basavanagudi,Gandhi Bazaar,12.9423,77.5735,Apartment,Gandhi Residency,2,5,12,10,East,1280.5,Family,40000,4000000,5200,Family,true,2024-08-08,Semi-Furnished,2-Wheeler,Available,0,false,Traditional 2BHK apartment in cultural area with temples and heritage sites nearby.,2,2,Corporation,false,false,true,true,Morning 10-6,Good,1076543206,Basavanagudi Metro,true,false,false,true,false,true,false,false,false,false,https://images.unsplash.com/photo-1567496898669-ee935f5317a1,Rajani Devi,rajani.devi@email.com,1076543206,Owner,false
Mumbai,Ghatkopar West,R City Mall,19.0863,72.9081,Apartment,R City Residency,1,13,28,12,West,1180.0,Bachelor,42000,4200000,5500,Bachelor,false,2024-09-22,Furnished,2-Wheeler,Available,0,false,High-rise 1BHK apartment near shopping mall with modern amenities and connectivity.,1,1,24 Hours,true,true,true,true,Evening 6-10,Excellent,9010987650,Ghatkopar Metro,true,true,true,true,false,true,true,false,true,true,https://images.unsplash.com/photo-1560448204-e02f11c3d0e2,Priya Jain,priya.jain@email.com,9010987650,Owner,true
Hyderabad,Kompally,Quthbullapur,17.5453,78.4897,Apartment,Garden Rental,3,4,10,2,East,1680.75,Family,46000,4600000,5800,Family,true,2024-08-30,Furnished,4-Wheeler,Available,0,false,Spacious 3BHK rental apartment with garden views in peaceful Kompally. Perfect for families seeking suburban lifestyle.,3,2,Borewell,true,false,true,true,Evening 5-7,New,4321456115,Quthbullapur,false,true,false,false,true,false,true,false,false,true,https://images.unsplash.com/photo-1582268611958-ebfd161ef9cf,Mohan Kumar,mohan.kumar@email.com,4321456115,Owner,true
Pune,Deccan,FC Road,18.5204,73.8567,Apartment,FC Road Plaza,2,9,18,11,South,1580.25,Bachelor,52000,5200000,6800,Bachelor,false,2024-07-28,Fully-Furnished,2-Wheeler,Available,0,false,Premium 2BHK apartment in trendy FC Road with cafes and shopping nearby.,2,2,Corporation,true,true,true,true,Evening 6-11,Excellent,8009876539,Deccan Metro,true,true,true,true,true,true,true,false,true,true,https://images.unsplash.com/photo-1582268611958-ebfd161ef9cf,Arjun Desai,arjun.desai@email.com,8009876539,Owner,true
Delhi,Green Park,Main Market,28.5601,77.2072,Apartment,Green Plaza,3,11,22,12,West,2080.0,Family,72000,7200000,9400,Family,true,2024-08-15,Semi-Furnished,4-Wheeler,Available,0,false,Upscale 3BHK apartment in prime South Delhi location with metro connectivity.,3,2,24 Hours,true,true,true,true,Morning 9-8,Excellent,7098765428,Green Park Metro,true,true,true,true,true,true,true,false,true,true,https://images.unsplash.com/photo-1564013799919-ab600027ffc6,Neha Malhotra,neha.malhotra@email.com,7098765428,Owner,false
Chennai,Egmore,Poonamallee High Road,13.0732,80.2609,Apartment,Egmore Central,2,7,16,9,East,1350.75,Family,42000,4200000,5500,Family,false,2024-09-12,Semi-Furnished,2-Wheeler,Available,0,false,Central 2BHK apartment with railway station proximity and heritage area charm.,2,2,Corporation,false,false,true,true,Morning 10-7,Good,6087654317,Egmore Metro,true,true,false,false,false,true,true,false,false,true,https://images.unsplash.com/photo-1567496898669-ee935f5317a1,Radha Krishna,radha.krishna@email.com,6087654317,Owner,true
Bangalore,Ulsoor,MG Road,12.9716,77.6197,Apartment,MG Road Residency,1,14,30,15,North,1280.25,Bachelor,48000,4800000,6200,Bachelor,true,2024-07-10,Fully-Furnished,4-Wheeler,Available,0,false,Premium 1BHK apartment in commercial hub with luxury amenities and central location.,1,1,24 Hours,true,true,true,true,Anytime,Excellent,5076543205,MG Road Metro,true,true,true,true,true,true,true,true,true,true,https://images.unsplash.com/photo-1560448204-e02f11c3d0e2,Kiran Kumar,kiran.kumar@email.com,5076543205,Owner,false
Mumbai,Byculla,Mumbai Central,18.9749,72.8345,Apartment,Central Heights,2,8,18,11,South,1480.5,Family,48000,4800000,6200,Family,false,2024-08-25,Semi-Furnished,2-Wheeler,Available,0,false,Historic 2BHK apartment in central Mumbai with heritage charm and connectivity.,2,2,Corporation,true,false,true,true,Morning 9-7,Good,4010987649,Byculla Metro,true,true,false,true,false,true,true,false,false,true,https://images.unsplash.com/photo-1567496898669-ee935f5317a1,Sneha Patil,sneha.patil@email.com,4010987649,Owner,true
Hyderabad,Shamshabad,Airport Road,17.2473,78.4020,Apartment,Skyline Rental,1,5,12,3,South,780.5,Bachelor,22000,2200000,2800,Bachelor,true,2024-09-12,Fully-Furnished,2-Wheeler,Available,0,false,Modern 1BHK rental near airport with all amenities. Perfect for aviation professionals and frequent travelers.,1,1,24 Hours,false,true,false,true,Morning 8-7,Good,3210567116,Airport Road,true,true,true,false,false,true,true,false,false,true,https://images.unsplash.com/photo-1560448204-e02f11c3d0e2,Neha Patel,neha.patel@email.com,3210567116,Owner,false
Pune,Koregaon Park,North Main Road,18.5362,73.8842,Apartment,Park Plaza,4,12,24,8,North,2580.0,Family,88000,8800000,11500,Family,false,2024-07-20,Fully-Furnished,4-Wheeler,Available,0,false,Ultra-luxury 4BHK apartment in upscale area with premium amenities and services.,4,3,24 Hours,true,true,true,true,Anytime,Excellent,2009876538,Koregaon Park Metro,true,true,true,true,true,true,true,true,true,true,https://images.unsplash.com/photo-1564013799919-ab600027ffc6,Rohit Shah,rohit.shah@email.com,2009876538,Owner,true
Delhi,Model Town,GT Road,28.7041,77.1901,Apartment,Model Residency,2,6,14,7,East,1450.5,Family,44000,4400000,5700,Family,true,2024-08-18,Furnished,2-Wheeler,Available,0,false,Established 2BHK apartment in planned colony with parks and educational institutions.,2,2,Corporation,false,false,true,true,Morning 10-6,Good,1098765427,Model Town Metro,true,false,false,true,false,true,false,false,false,true,https://images.unsplash.com/photo-1600596542815-ffad4c1539a9,Kavita Sharma,kavita.sharma@email.com,1098765427,Owner,false
Chennai,Kilpauk,Poonamallee High Road,13.0827,80.2444,Apartment,Medical District,3,8,16,9,West,1680.25,Family,55000,5500000,7200,Family,false,2024-09-08,Semi-Furnished,4-Wheeler,Available,0,false,Strategic 3BHK apartment in medical hub with hospital proximity and good connectivity.,3,2,Corporation,true,false,true,true,Morning 9-8,Very Good,9087654316,Kilpauk Metro,true,true,false,true,false,true,true,false,false,true,https://images.unsplash.com/photo-1582268611958-ebfd161ef9cf,Lakshmi Devi,lakshmi.devi@email.com,9087654316,Owner,true
Bangalore,Sadashivanagar,Sankey Road,13.0067,77.5594,Apartment,Sankey Residency,3,10,20,12,South,2180.5,Family,75000,7500000,9800,Family,true,2024-07-08,Fully-Furnished,4-Wheeler,Available,0,false,Ultra-premium 3BHK apartment in elite area with luxury amenities and serene environment.,3,2,24 Hours,true,true,true,true,Anytime,Excellent,9076543204,Sadashivanagar Metro,true,true,true,true,true,true,true,true,true,true,https://images.unsplash.com/photo-1564013799919-ab600027ffc6,Arjun Rao,arjun.rao@email.com,9076543204,Owner,false
Mumbai,Worli,Sea Link,19.0176,72.8118,Apartment,Sea Link Towers,2,16,32,14,West,2080.25,Bachelor,82000,8200000,10700,Bachelor,false,2024-08-02,Fully-Furnished,4-Wheeler,Available,0,false,Iconic 2BHK apartment with sea views and luxury amenities in premium Worli location.,2,2,24 Hours,true,true,true,true,Anytime,Excellent,8010987648,Worli Metro,true,true,true,true,true,true,true,true,true,true,https://images.unsplash.com/photo-1582268611958-ebfd161ef9cf,Vikram Kapoor,vikram.kapoor@email.com,8010987648,Owner,true
Hyderabad,Hitec City,Madhapur,17.4483,78.3915,Apartment,Corporate Rental,4,19,38,10,North,2450.25,Family,85000,8500000,11000,Family,false,2024-07-12,Semi-Furnished,4-Wheeler,Available,0,false,Executive 4BHK rental in prime Hitec City location. Ultra-modern amenities perfect for corporate executives.,4,3,Corporation,true,true,true,true,Morning 9-8,Excellent,2109678117,Madhapur Metro,true,true,true,true,true,true,true,true,true,true,https://images.unsplash.com/photo-1564013799919-ab600027ffc6,Ravi Shetty,ravi.shetty@email.com,2109678117,Owner,true
Pune,Shivajinagar,JM Road,18.5304,73.8567,Apartment,JM Plaza,1,8,18,10,South,980.0,Bachelor,35000,3500000,4500,Bachelor,true,2024-09-18,Furnished,2-Wheeler,Available,0,false,Central 1BHK apartment in commercial hub with shopping and dining options nearby.,1,1,Corporation,true,true,false,true,Evening 6-10,Good,7009876537,Shivajinagar Metro,true,true,false,true,false,true,true,false,false,true,https://images.unsplash.com/photo-1560448204-e02f11c3d0e2,Anita Joshi,anita.joshi@email.com,7009876537,Owner,false
Delhi,Saket,Select City Walk,28.5245,77.2066,Apartment,Select Residency,3,14,28,11,East,2180.75,Family,78000,7800000,10200,Family,false,2024-07-25,Fully-Furnished,4-Wheeler,Available,0,false,Premium 3BHK apartment near luxury mall with high-end amenities and connectivity.,3,2,24 Hours,true,true,true,true,Evening 5-10,Excellent,6098765426,Saket Metro,true,true,true,true,true,true,true,true,true,true,https://images.unsplash.com/photo-1564013799919-ab600027ffc6,Priya Agarwal,priya.agarwal@email.com,6098765426,Owner,true
Chennai,Kodambakkam,Arcot Road,13.0339,80.2254,Apartment,Film City,2,9,18,12,North,1580.0,Family,52000,5200000,6800,Family,true,2024-08-12,Semi-Furnished,2-Wheeler,Available,0,false,Entertainment district 2BHK apartment with industry connections and modern amenities.,2,2,Corporation,true,true,true,true,Evening 6-10,Very Good,5087654315,Kodambakkam Metro,true,true,true,true,false,true,true,false,true,true,https://images.unsplash.com/photo-1582268611958-ebfd161ef9cf,Rajesh Raman,rajesh.raman@email.com,5087654315,Owner,false
Bangalore,Frazer Town,Coles Road,12.9915,77.6197,Apartment,Coles Residency,2,7,15,8,West,1380.25,Family,42000,4200000,5500,Family,false,2024-08-28,Semi-Furnished,2-Wheeler,Available,0,false,Heritage 2BHK apartment in old Bangalore with traditional charm and modern amenities.,2,2,Corporation,false,false,true,true,Morning 10-6,Good,4076543203,Frazer Town Metro,true,false,false,true,false,true,false,false,false,true,https://images.unsplash.com/photo-1567496898669-ee935f5317a1,Geetha Kumar,geetha.kumar@email.com,4076543203,Owner,true
Mumbai,Lower Parel,High Street Phoenix,19.0144,72.8310,Apartment,Phoenix Heights,1,15,32,16,East,1380.5,Bachelor,58000,5800000,7500,Bachelor,true,2024-07-18,Fully-Furnished,4-Wheeler,Available,0,false,Ultra-modern 1BHK apartment in commercial hub with luxury mall and office connectivity.,1,1,24 Hours,true,true,true,true,Anytime,Excellent,3010987647,Lower Parel Metro,true,true,true,true,true,true,true,true,true,true,https://images.unsplash.com/photo-1560448204-e02f11c3d0e2,Deepika Shah,deepika.shah@email.com,3010987647,Owner,false
Hyderabad,Tolichowki,Shaikpet,17.4062,78.4204,Apartment,Heritage Rental,2,8,16,12,West,1350.5,Family,42000,4200000,5200,Family,true,2024-09-18,Semi-Furnished,2-Wheeler,Available,0,false,Traditional 2BHK rental in old Hyderabad charm area. Close to Golconda Fort and heritage sites with modern amenities.,2,2,Municipality,false,false,true,false,Morning 10-6,Good,9870123119,Shaikpet,false,false,false,true,false,true,false,false,false,false,https://images.unsplash.com/photo-1567496898669-ee935f5317a1,Fatima Khan,fatima.khan@email.com,9870123119,Owner,true
Pune,Sinhgad Road,Narhe,18.4793,73.7898,Apartment,Sinhgad Heights,3,6,12,4,North,1650.25,Family,48000,4800000,6200,Family,false,2024-08-05,Furnished,4-Wheeler,Available,0,false,Hill-view 3BHK apartment with scenic surroundings and peaceful environment.,3,2,Municipality,true,false,true,true,Evening 5-8,Good,1009876536,Sinhgad Road Metro,false,true,false,true,true,false,true,false,false,true,https://images.unsplash.com/photo-1582268611958-ebfd161ef9cf,Sachin Patil,sachin.patil@email.com,1009876536,Owner,true
Delhi,Laxmi Nagar,Vikas Marg,28.6315,77.2773,Apartment,Vikas Heights,2,5,12,6,South,1250.5,Family,38000,3800000,4900,Family,true,2024-09-22,Semi-Furnished,2-Wheeler,Available,0,false,Budget-friendly 2BHK apartment with metro connectivity and local market access.,2,2,Corporation,false,false,true,true,Morning 10-6,Good,9098765425,Laxmi Nagar Metro,true,true,false,false,false,true,true,false,false,true,https://images.unsplash.com/photo-1567496898669-ee935f5317a1,Sunita Singh,sunita.singh@email.com,9098765425,Owner,false
Chennai,Besant Nagar,Elliot's Beach,12.9981,80.2668,Apartment,Beach Walk,3,11,22,9,East,2080.0,Family,72000,7200000,9400,Family,false,2024-07-30,Fully-Furnished,4-Wheeler,Available,0,false,Beachfront 3BHK apartment with ocean views and premium amenities in upscale locality.,3,2,24 Hours,true,true,true,true,Evening 6-9,Excellent,8087654314,Besant Nagar Metro,true,true,true,true,true,true,true,false,true,true,https://images.unsplash.com/photo-1582268611958-ebfd161ef9cf,Marina Devi,marina.devi@email.com,8087654314,Owner,true